0,12410168;0,12419022;0,12423444;0,12306409;0,12310006;0,12313148;0,12099063;0,12100612;0,12102448;0,11828328;0,11831771;0,11833260;0,11539057;0,11540948;0,11543455;0,11241973;0,11244226;0,11246179;0,10934385;0,10935412;0,10936143;0,10599500;0,10600239;0,10601041;0,10249415;0,10250666;0,10251903;0,09897878;0,09898765;0,09899747;0,09545823;0,09546819;0,09547575;0,09184321;0,09184532;0,09184946;0,08815499;0,08815126;0,08814750;0,08459729;0,08459674;0,08459621;0,08089951;0,08089326;0,08088596;0,07704885;0,07704509;0,07703707;0,07332703;0,07332156;0,07331423;0,06960993;0,06960477;0,06960079;0,06592308;0,06591896;0,06591634;0,06223736;0,06224214;0,06224925;0,05858912;0,05863306;0,05867964;0,05501192;0,05505808;0,05510484;0,05142244;0,05146453;0,05150916;0,04779155;0,04783580;0,04787883;0,04416397;0,04420611;0,04424802;0,04060303;0,04063893;0,04067605;0,03698488;0,03702081;0,03705856;0,03332005;0,03335278;0,03338579;0,02964382;0,02967468;0,02970484;0,02604149;0,02606647;0,02609433;0,02238834;0,02241403;0,02244136;0,01868833;0,01871058;0,01873241;0,01497243;0,01498734;0,01500209;0,01131965;0,01133126;0,01134410;0,00761734;0,00762467;0,00763040;0,00385478;0,00385709;0,00385988;0,00000000;0,00000000;0,00000000;0,00000000;0,00000000;0,00000000;0,00000000;0,00000000;0,00000000;0,00000000;0,00000000;0,00000000;0,00000000;0,00000000;0,00000000;0,00000000;0,00000000;0,00000000;0,00000000;0,00000000;0,00000000;0,00000000;0,00000000;0,00000000;0,00000000;0,00000000;0,00000000;0,00000000;0,00000000;0,00000000;0,00000000;0,00000000;0,00000000;0,00000000;0,00000000;0,00000000;0,00000000;0,00000000;0,00000000;0,00000000;0,00000000;0,00000000;0,00000000;0,00000000;0,00000000;0,00000000;0,00000000;0,00000000;0,00000000;0,00000000;0,00000000;0,00000000;0,00000000;0,00000000;0,00000000;0,00000000;0,00000000;0,00000000;0,00000000;0,00000000;0,00000000;0,00000000;0,00000000;0,00000000;0,00000000;0,00000000;0,00000000;0,00000000;0,00000000;0,00000000;0,00000000;0,00000000;0,00000000;0,00000000;0,00000000;0,00000000;0,00000000;0,00000000;0,00000000;0,00000000;0,00000000;0,00000000;0,00000000;0,00000000;0,00000000;0,00000000;0,00000000;0,00000000;0,00000000;0,00000000;0,00000000;0,00000000;0,00000000;0,00000000;0,00000000;0,00000000;0,00000000;0,00000000;0,00000000;0,00000000;0,00000000;0,00000000;0,00000000;0,00000000;0,00000000;0,00000000;0,00000000;0,00000000;0,00000000;0,00000000;0,00000000;0,00000000;0,00000000;0,00000000;0,00000000;0,00000000;0,00000000;0,00000000;0,00000000;0,00000000;0,00000000;0,00000000;0,00000000;0,00000000;0,00000000;0,00000000;0,00000000;0,00000000;0,00000000;0,00000000;0,00000000;0,00000000;0,00000000;0,00000000;0,00000000;0,00000000;0,00000000;0,00000000;0,00000000;0,00000000;0,00000000;0,00000000;0,00000000;0,00000000;0,00000000;0,00000000;0,00000000;0,00000000;0,00000000;0,00000000;0,00000000;0,00000000;0,00000000;0,00000000;0,00000000;0,00000000;0,00000000;0,00000000;0,00000000;0,00000000;0,00000000;0,00000000;0,00000000;0,00000000;0,00000000;0,00000000;0,00000000;0,00000000;0,00000000;0,00000000;0,00000000;0,00000000;0,00000000;0,00000000;0,00000000;0,00000000;0,00000000;0,00000000;0,00000000;0,00000000;0,00000000;0,00000000;0,00000000;0,00000000;0,00000000;0,00000000;0,00000000;0,00000000;0,00000000;0,00000000;0,00000000;0,00000000;0,00000000;0,00000000;0,00000000;0,00000000;0,00000000;0,00000000;0,00000000;0,00000000;0,00000000;0,00000000;0,00000000;0,00000000;0,00000000;0,00000000;0,00000000;0,00000000;0,00000000;0,00000000;0,00000000;0,00000000;0,00000000;0,00000000;0,00000000;0,00000000;0,00000000;0,00000000;0,00000000;0,00000000;0,00000000;0,00000000;0,00000000;0,00000000;0,00000000;0,00000000;0,00000000;0,00000000;0,00000000;0,00000000;0,00000000;0,00000000;0,00000000;0,00000000;0,00000000;0,00000000;0,00000000;0,00000000;0,00000000;0,00000000;0,00000000;0,00000000;0,00000000;0,00000000;0,00000000;0,00000000;0,00000000;0,00000000;0,00000000;0,00000000;0,00000000;0,00000000;9.0;1.0;QUARTERLY;0.0;0.015;2.0
0,16841575;0,16853712;0,16859795;0,16618606;0,16623859;0,16630128;0,16299347;0,16301434;0,16303907;0,15904778;0,15908333;0,15910683;0,15489392;0,15492953;0,15496403;0,15071302;0,15074323;0,15076940;0,14640365;0,14641741;0,14642720;0,14182173;0,14182931;0,14184097;0,13705936;0,13707609;0,13709262;0,13231972;0,13233158;0,13234471;0,12756516;0,12757847;0,12758857;0,12269456;0,12269739;0,12270291;0,11772424;0,11771925;0,11771424;0,11295758;0,11295685;0,11295614;0,10801114;0,10800279;0,10799342;0,10286627;0,10286125;0,10285055;0,09789287;0,09788457;0,09787665;0,09292100;0,09291411;0,09290909;0,08798435;0,08797885;0,08797536;0,08305098;0,08305736;0,08306685;0,07817542;0,07823405;0,07829620;0,07339703;0,07345861;0,07352100;0,06860663;0,06866278;0,06872233;0,06375918;0,06381822;0,06387564;0,05891372;0,05896995;0,05902585;0,05416012;0,05420800;0,05425753;0,04933200;0,04937987;0,04943021;0,04444285;0,04448652;0,04453055;0,03953864;0,03957980;0,03962002;0,03473243;0,03476574;0,03480290;0,02985883;0,02989309;0,02992954;0,02492406;0,02495374;0,02498285;0,01996803;0,01998791;0,02000759;0,01509595;0,01511144;0,01512857;0,01015820;0,01016797;0,01017562;0,00514044;0,00514352;0,00514725;0,00000000;0,00000000;0,00000000;0,00000000;0,00000000;0,00000000;0,00000000;0,00000000;0,00000000;0,00000000;0,00000000;0,00000000;0,00000000;0,00000000;0,00000000;0,00000000;0,00000000;0,00000000;0,00000000;0,00000000;0,00000000;0,00000000;0,00000000;0,00000000;0,00000000;0,00000000;0,00000000;0,00000000;0,00000000;0,00000000;0,00000000;0,00000000;0,00000000;0,00000000;0,00000000;0,00000000;0,00000000;0,00000000;0,00000000;0,00000000;0,00000000;0,00000000;0,00000000;0,00000000;0,00000000;0,00000000;0,00000000;0,00000000;0,00000000;0,00000000;0,00000000;0,00000000;0,00000000;0,00000000;0,00000000;0,00000000;0,00000000;0,00000000;0,00000000;0,00000000;0,00000000;0,00000000;0,00000000;0,00000000;0,00000000;0,00000000;0,00000000;0,00000000;0,00000000;0,00000000;0,00000000;0,00000000;0,00000000;0,00000000;0,00000000;0,00000000;0,00000000;0,00000000;0,00000000;0,00000000;0,00000000;0,00000000;0,00000000;0,00000000;0,00000000;0,00000000;0,00000000;0,00000000;0,00000000;0,00000000;0,00000000;0,00000000;0,00000000;0,00000000;0,00000000;0,00000000;0,00000000;0,00000000;0,00000000;0,00000000;0,00000000;0,00000000;0,00000000;0,00000000;0,00000000;0,00000000;0,00000000;0,00000000;0,00000000;0,00000000;0,00000000;0,00000000;0,00000000;0,00000000;0,00000000;0,00000000;0,00000000;0,00000000;0,00000000;0,00000000;0,00000000;0,00000000;0,00000000;0,00000000;0,00000000;0,00000000;0,00000000;0,00000000;0,00000000;0,00000000;0,00000000;0,00000000;0,00000000;0,00000000;0,00000000;0,00000000;0,00000000;0,00000000;0,00000000;0,00000000;0,00000000;0,00000000;0,00000000;0,00000000;0,00000000;0,00000000;0,00000000;0,00000000;0,00000000;0,00000000;0,00000000;0,00000000;0,00000000;0,00000000;0,00000000;0,00000000;0,00000000;0,00000000;0,00000000;0,00000000;0,00000000;0,00000000;0,00000000;0,00000000;0,00000000;0,00000000;0,00000000;0,00000000;0,00000000;0,00000000;0,00000000;0,00000000;0,00000000;0,00000000;0,00000000;0,00000000;0,00000000;0,00000000;0,00000000;0,00000000;0,00000000;0,00000000;0,00000000;0,00000000;0,00000000;0,00000000;0,00000000;0,00000000;0,00000000;0,00000000;0,00000000;0,00000000;0,00000000;0,00000000;0,00000000;0,00000000;0,00000000;0,00000000;0,00000000;0,00000000;0,00000000;0,00000000;0,00000000;0,00000000;0,00000000;0,00000000;0,00000000;0,00000000;0,00000000;0,00000000;0,00000000;0,00000000;0,00000000;0,00000000;0,00000000;0,00000000;0,00000000;0,00000000;0,00000000;0,00000000;0,00000000;0,00000000;0,00000000;0,00000000;0,00000000;0,00000000;0,00000000;0,00000000;0,00000000;0,00000000;0,00000000;0,00000000;0,00000000;0,00000000;0,00000000;0,00000000;0,00000000;0,00000000;0,00000000;0,00000000;0,00000000;0,00000000;0,00000000;0,00000000;0,00000000;0,00000000;0,00000000;0,00000000;0,00000000;0,00000000;0,00000000;0,00000000;9.0;1.0;QUARTERLY;0.0;0.02;2.0
0,21272382;0,21288566;0,21297060;0,20937484;0,20945678;0,20953577;0,20499631;0,20502256;0,20505366;0,19979341;0,19984064;0,19988107;0,19440552;0,19445021;0,19449352;0,18900631;0,18904420;0,18907702;0,18346345;0,18348070;0,18349297;0,17764400;0,17765350;0,17766811;0,17162457;0,17164552;0,17166622;0,16566291;0,16567608;0,16569195;0,15967209;0,15968875;0,15970139;0,15354591;0,15354945;0,15355636;0,14729348;0,14728725;0,14728097;0,14131786;0,14131695;0,14131606;0,13512277;0,13511232;0,13510269;0,12868370;0,12867741;0,12866403;0,12245870;0,12244810;0,12243815;0,11623207;0,11622437;0,11621826;0,11004563;0,11003875;0,11003437;0,10386461;0,10387258;0,10388445;0,09776172;0,09783504;0,09791276;0,09178214;0,09185914;0,09193716;0,08579082;0,08586104;0,08593550;0,07972682;0,07980065;0,07987244;0,07366348;0,07373378;0,07380368;0,06771721;0,06777708;0,06783900;0,06167908;0,06173893;0,06180187;0,05556566;0,05562025;0,05567530;0,04943345;0,04948492;0,04953521;0,04342337;0,04346502;0,04351147;0,03732931;0,03737215;0,03741772;0,03115979;0,03119689;0,03123328;0,02496363;0,02498848;0,02501308;0,01887226;0,01889163;0,01891304;0,01269906;0,01271128;0,01272084;0,00642611;0,00642995;0,00643462;0,00000000;0,00000000;0,00000000;0,00000000;0,00000000;0,00000000;0,00000000;0,00000000;0,00000000;0,00000000;0,00000000;0,00000000;0,00000000;0,00000000;0,00000000;0,00000000;0,00000000;0,00000000;0,00000000;0,00000000;0,00000000;0,00000000;0,00000000;0,00000000;0,00000000;0,00000000;0,00000000;0,00000000;0,00000000;0,00000000;0,00000000;0,00000000;0,00000000;0,00000000;0,00000000;0,00000000;0,00000000;0,00000000;0,00000000;0,00000000;0,00000000;0,00000000;0,00000000;0,00000000;0,00000000;0,00000000;0,00000000;0,00000000;0,00000000;0,00000000;0,00000000;0,00000000;0,00000000;0,00000000;0,00000000;0,00000000;0,00000000;0,00000000;0,00000000;0,00000000;0,00000000;0,00000000;0,00000000;0,00000000;0,00000000;0,00000000;0,00000000;0,00000000;0,00000000;0,00000000;0,00000000;0,00000000;0,00000000;0,00000000;0,00000000;0,00000000;0,00000000;0,00000000;0,00000000;0,00000000;0,00000000;0,00000000;0,00000000;0,00000000;0,00000000;0,00000000;0,00000000;0,00000000;0,00000000;0,00000000;0,00000000;0,00000000;0,00000000;0,00000000;0,00000000;0,00000000;0,00000000;0,00000000;0,00000000;0,00000000;0,00000000;0,00000000;0,00000000;0,00000000;0,00000000;0,00000000;0,00000000;0,00000000;0,00000000;0,00000000;0,00000000;0,00000000;0,00000000;0,00000000;0,00000000;0,00000000;0,00000000;0,00000000;0,00000000;0,00000000;0,00000000;0,00000000;0,00000000;0,00000000;0,00000000;0,00000000;0,00000000;0,00000000;0,00000000;0,00000000;0,00000000;0,00000000;0,00000000;0,00000000;0,00000000;0,00000000;0,00000000;0,00000000;0,00000000;0,00000000;0,00000000;0,00000000;0,00000000;0,00000000;0,00000000;0,00000000;0,00000000;0,00000000;0,00000000;0,00000000;0,00000000;0,00000000;0,00000000;0,00000000;0,00000000;0,00000000;0,00000000;0,00000000;0,00000000;0,00000000;0,00000000;0,00000000;0,00000000;0,00000000;0,00000000;0,00000000;0,00000000;0,00000000;0,00000000;0,00000000;0,00000000;0,00000000;0,00000000;0,00000000;0,00000000;0,00000000;0,00000000;0,00000000;0,00000000;0,00000000;0,00000000;0,00000000;0,00000000;0,00000000;0,00000000;0,00000000;0,00000000;0,00000000;0,00000000;0,00000000;0,00000000;0,00000000;0,00000000;0,00000000;0,00000000;0,00000000;0,00000000;0,00000000;0,00000000;0,00000000;0,00000000;0,00000000;0,00000000;0,00000000;0,00000000;0,00000000;0,00000000;0,00000000;0,00000000;0,00000000;0,00000000;0,00000000;0,00000000;0,00000000;0,00000000;0,00000000;0,00000000;0,00000000;0,00000000;0,00000000;0,00000000;0,00000000;0,00000000;0,00000000;0,00000000;0,00000000;0,00000000;0,00000000;0,00000000;0,00000000;0,00000000;0,00000000;0,00000000;0,00000000;0,00000000;0,00000000;0,00000000;0,00000000;0,00000000;0,00000000;0,00000000;0,00000000;0,00000000;0,00000000;0,00000000;0,00000000;0,00000000;0,00000000;0,00000000;0,00000000;0,00000000;0,00000000;9.0;1.0;QUARTERLY;0.0;0.025;3.0
0,25703039;0,25723185;0,25736431;0,25254482;0,25267497;0,25277026;0,24699915;0,24703078;0,24706825;0,24055675;0,24059589;0,24065022;0,23391712;0,23397089;0,23402300;0,22729960;0,22734517;0,22738464;0,22052326;0,22054615;0,22057278;0,21346627;0,21347768;0,21349524;0,20618977;0,20621495;0,20623982;0,19900761;0,19902343;0,19904248;0,19177901;0,19179902;0,19181421;0,18439726;0,18440152;0,18440981;0,17686273;0,17685524;0,17684771;0,16967857;0,16967705;0,16967599;0,16223440;0,16222185;0,16221135;0,15450112;0,15449358;0,15447750;0,14702453;0,14701181;0,14699927;0,13954352;0,13953477;0,13952744;0,13210690;0,13209864;0,13209339;0,12467823;0,12468780;0,12470205;0,11734802;0,11743602;0,11752932;0,11016725;0,11025968;0,11035332;0,10297501;0,10305930;0,10314868;0,09569446;0,09578307;0,09586924;0,08841324;0,08849761;0,08858151;0,08127430;0,08134616;0,08142048;0,07402615;0,07409798;0,07417353;0,06668846;0,06675398;0,06682005;0,05932827;0,05939004;0,05945039;0,05211431;0,05216429;0,05222004;0,04479980;0,04485120;0,04490590;0,03739551;0,03744005;0,03748372;0,02995923;0,02998906;0,03001858;0,02264857;0,02267181;0,02269751;0,01523992;0,01525458;0,01526606;0,00771177;0,00771639;0,00772198;0,00000000;0,00000000;0,00000000;0,00000000;0,00000000;0,00000000;0,00000000;0,00000000;0,00000000;0,00000000;0,00000000;0,00000000;0,00000000;0,00000000;0,00000000;0,00000000;0,00000000;0,00000000;0,00000000;0,00000000;0,00000000;0,00000000;0,00000000;0,00000000;0,00000000;0,00000000;0,00000000;0,00000000;0,00000000;0,00000000;0,00000000;0,00000000;0,00000000;0,00000000;0,00000000;0,00000000;0,00000000;0,00000000;0,00000000;0,00000000;0,00000000;0,00000000;0,00000000;0,00000000;0,00000000;0,00000000;0,00000000;0,00000000;0,00000000;0,00000000;0,00000000;0,00000000;0,00000000;0,00000000;0,00000000;0,00000000;0,00000000;0,00000000;0,00000000;0,00000000;0,00000000;0,00000000;0,00000000;0,00000000;0,00000000;0,00000000;0,00000000;0,00000000;0,00000000;0,00000000;0,00000000;0,00000000;0,00000000;0,00000000;0,00000000;0,00000000;0,00000000;0,00000000;0,00000000;0,00000000;0,00000000;0,00000000;0,00000000;0,00000000;0,00000000;0,00000000;0,00000000;0,00000000;0,00000000;0,00000000;0,00000000;0,00000000;0,00000000;0,00000000;0,00000000;0,00000000;0,00000000;0,00000000;0,00000000;0,00000000;0,00000000;0,00000000;0,00000000;0,00000000;0,00000000;0,00000000;0,00000000;0,00000000;0,00000000;0,00000000;0,00000000;0,00000000;0,00000000;0,00000000;0,00000000;0,00000000;0,00000000;0,00000000;0,00000000;0,00000000;0,00000000;0,00000000;0,00000000;0,00000000;0,00000000;0,00000000;0,00000000;0,00000000;0,00000000;0,00000000;0,00000000;0,00000000;0,00000000;0,00000000;0,00000000;0,00000000;0,00000000;0,00000000;0,00000000;0,00000000;0,00000000;0,00000000;0,00000000;0,00000000;0,00000000;0,00000000;0,00000000;0,00000000;0,00000000;0,00000000;0,00000000;0,00000000;0,00000000;0,00000000;0,00000000;0,00000000;0,00000000;0,00000000;0,00000000;0,00000000;0,00000000;0,00000000;0,00000000;0,00000000;0,00000000;0,00000000;0,00000000;0,00000000;0,00000000;0,00000000;0,00000000;0,00000000;0,00000000;0,00000000;0,00000000;0,00000000;0,00000000;0,00000000;0,00000000;0,00000000;0,00000000;0,00000000;0,00000000;0,00000000;0,00000000;0,00000000;0,00000000;0,00000000;0,00000000;0,00000000;0,00000000;0,00000000;0,00000000;0,00000000;0,00000000;0,00000000;0,00000000;0,00000000;0,00000000;0,00000000;0,00000000;0,00000000;0,00000000;0,00000000;0,00000000;0,00000000;0,00000000;0,00000000;0,00000000;0,00000000;0,00000000;0,00000000;0,00000000;0,00000000;0,00000000;0,00000000;0,00000000;0,00000000;0,00000000;0,00000000;0,00000000;0,00000000;0,00000000;0,00000000;0,00000000;0,00000000;0,00000000;0,00000000;0,00000000;0,00000000;0,00000000;0,00000000;0,00000000;0,00000000;0,00000000;0,00000000;0,00000000;0,00000000;0,00000000;0,00000000;0,00000000;0,00000000;0,00000000;0,00000000;0,00000000;0,00000000;0,00000000;0,00000000;0,00000000;0,00000000;0,00000000;0,00000000;9.0;1.0;QUARTERLY;0.0;0.03;3.0
0,12270145;0,12275501;0,12281047;0,12289433;0,12298719;0,12304224;0,12061266;0,12064578;0,12066978;0,12071189;0,12072574;0,12073688;0,11514362;0,11515284;0,11516018;0,11516965;0,11517799;0,11518823;0,10890704;0,10891728;0,10892891;0,10894045;0,10895389;0,10897004;0,10230305;0,10231341;0,10232508;0,10233372;0,10233939;0,10234577;0,09531638;0,09532253;0,09532723;0,09533219;0,09533344;0,09533785;0,08804289;0,08803951;0,08803577;0,08803233;0,08803077;0,08802753;0,08080259;0,08079857;0,08079314;0,08078701;0,08078367;0,08077499;0,07322831;0,07322197;0,07321504;0,07320995;0,07320448;0,07319980;0,06583211;0,06582739;0,06582423;0,06582665;0,06583180;0,06583940;0,05849138;0,05853543;0,05858256;0,05863080;0,05867994;0,05872986;0,05134403;0,05138616;0,05143083;0,05147813;0,05152550;0,05157173;0,04408682;0,04412889;0,04417072;0,04420974;0,04424877;0,04428919;0,03692573;0,03696153;0,03699921;0,03703662;0,03707297;0,03710960;0,02960013;0,02963092;0,02966098;0,02968996;0,02971843;0,02975021;0,02235401;0,02237967;0,02240697;0,02243440;0,02246112;0,02248731;0,01495355;0,01496845;0,01498318;0,01499737;0,01501276;0,01502978;0,00760963;0,00761695;0,00762268;0,00762679;0,00763135;0,00763689;0,00000000;0,00000000;0,00000000;0,00000000;0,00000000;0,00000000;0,00000000;0,00000000;0,00000000;0,00000000;0,00000000;0,00000000;0,00000000;0,00000000;0,00000000;0,00000000;0,00000000;0,00000000;0,00000000;0,00000000;0,00000000;0,00000000;0,00000000;0,00000000;0,00000000;0,00000000;0,00000000;0,00000000;0,00000000;0,00000000;0,00000000;0,00000000;0,00000000;0,00000000;0,00000000;0,00000000;0,00000000;0,00000000;0,00000000;0,00000000;0,00000000;0,00000000;0,00000000;0,00000000;0,00000000;0,00000000;0,00000000;0,00000000;0,00000000;0,00000000;0,00000000;0,00000000;0,00000000;0,00000000;0,00000000;0,00000000;0,00000000;0,00000000;0,00000000;0,00000000;0,00000000;0,00000000;0,00000000;0,00000000;0,00000000;0,00000000;0,00000000;0,00000000;0,00000000;0,00000000;0,00000000;0,00000000;0,00000000;0,00000000;0,00000000;0,00000000;0,00000000;0,00000000;0,00000000;0,00000000;0,00000000;0,00000000;0,00000000;0,00000000;0,00000000;0,00000000;0,00000000;0,00000000;0,00000000;0,00000000;0,00000000;0,00000000;0,00000000;0,00000000;0,00000000;0,00000000;0,00000000;0,00000000;0,00000000;0,00000000;0,00000000;0,00000000;0,00000000;0,00000000;0,00000000;0,00000000;0,00000000;0,00000000;0,00000000;0,00000000;0,00000000;0,00000000;0,00000000;0,00000000;0,00000000;0,00000000;0,00000000;0,00000000;0,00000000;0,00000000;0,00000000;0,00000000;0,00000000;0,00000000;0,00000000;0,00000000;0,00000000;0,00000000;0,00000000;0,00000000;0,00000000;0,00000000;0,00000000;0,00000000;0,00000000;0,00000000;0,00000000;0,00000000;0,00000000;0,00000000;0,00000000;0,00000000;0,00000000;0,00000000;0,00000000;0,00000000;0,00000000;0,00000000;0,00000000;0,00000000;0,00000000;0,00000000;0,00000000;0,00000000;0,00000000;0,00000000;0,00000000;0,00000000;0,00000000;0,00000000;0,00000000;0,00000000;0,00000000;0,00000000;0,00000000;0,00000000;0,00000000;0,00000000;0,00000000;0,00000000;0,00000000;0,00000000;0,00000000;0,00000000;0,00000000;0,00000000;0,00000000;0,00000000;0,00000000;0,00000000;0,00000000;0,00000000;0,00000000;0,00000000;0,00000000;0,00000000;0,00000000;0,00000000;0,00000000;0,00000000;0,00000000;0,00000000;0,00000000;0,00000000;0,00000000;0,00000000;0,00000000;0,00000000;0,00000000;0,00000000;0,00000000;0,00000000;0,00000000;0,00000000;0,00000000;0,00000000;0,00000000;0,00000000;0,00000000;0,00000000;0,00000000;0,00000000;0,00000000;0,00000000;0,00000000;0,00000000;0,00000000;0,00000000;0,00000000;0,00000000;0,00000000;0,00000000;0,00000000;0,00000000;0,00000000;0,00000000;0,00000000;0,00000000;0,00000000;0,00000000;0,00000000;0,00000000;0,00000000;0,00000000;0,00000000;0,00000000;0,00000000;0,00000000;0,00000000;0,00000000;0,00000000;0,00000000;0,00000000;0,00000000;0,00000000;0,00000000;0,00000000;0,00000000;0,00000000;0,00000000;0,00000000;0,00000000;9.0;1.0;SEMIANNUAL;1.0;0.015;2.0
0,16698799;0,16706088;0,16715670;0,16727083;0,16739722;0,16747216;0,16257907;0,16262372;0,16265471;0,16269120;0,16271725;0,16273695;0,15463405;0,15464643;0,15465628;0,15466901;0,15468020;0,15469396;0,14593838;0,14595209;0,14596491;0,14598037;0,14599838;0,14602002;0,13684411;0,13685796;0,13687358;0,13688513;0,13689272;0,13690125;0,12739598;0,12740419;0,12741048;0,12741711;0,12741914;0,12742909;0,11758521;0,11758070;0,11757570;0,11757111;0,11756902;0,11756469;0,10788753;0,10788216;0,10787492;0,10786674;0,10786127;0,10784968;0,09776619;0,09775773;0,09774828;0,09774148;0,09773418;0,09772814;0,08786470;0,08785852;0,08785466;0,08785803;0,08786490;0,08787505;0,07804990;0,07810843;0,07817116;0,07823553;0,07830111;0,07836772;0,06850337;0,06855958;0,06861917;0,06868228;0,06874548;0,06880707;0,05881517;0,05887129;0,05892710;0,05897915;0,05903122;0,05908514;0,04925461;0,04930236;0,04935261;0,04940252;0,04945100;0,04949986;0,03948046;0,03952152;0,03956161;0,03960027;0,03963824;0,03968063;0,02981361;0,02984783;0,02988424;0,02992082;0,02995646;0,02999139;0,01994271;0,01996257;0,01998223;0,02000114;0,02002167;0,02004436;0,01014788;0,01015764;0,01016528;0,01017077;0,01017685;0,01018423;0,00000000;0,00000000;0,00000000;0,00000000;0,00000000;0,00000000;0,00000000;0,00000000;0,00000000;0,00000000;0,00000000;0,00000000;0,00000000;0,00000000;0,00000000;0,00000000;0,00000000;0,00000000;0,00000000;0,00000000;0,00000000;0,00000000;0,00000000;0,00000000;0,00000000;0,00000000;0,00000000;0,00000000;0,00000000;0,00000000;0,00000000;0,00000000;0,00000000;0,00000000;0,00000000;0,00000000;0,00000000;0,00000000;0,00000000;0,00000000;0,00000000;0,00000000;0,00000000;0,00000000;0,00000000;0,00000000;0,00000000;0,00000000;0,00000000;0,00000000;0,00000000;0,00000000;0,00000000;0,00000000;0,00000000;0,00000000;0,00000000;0,00000000;0,00000000;0,00000000;0,00000000;0,00000000;0,00000000;0,00000000;0,00000000;0,00000000;0,00000000;0,00000000;0,00000000;0,00000000;0,00000000;0,00000000;0,00000000;0,00000000;0,00000000;0,00000000;0,00000000;0,00000000;0,00000000;0,00000000;0,00000000;0,00000000;0,00000000;0,00000000;0,00000000;0,00000000;0,00000000;0,00000000;0,00000000;0,00000000;0,00000000;0,00000000;0,00000000;0,00000000;0,00000000;0,00000000;0,00000000;0,00000000;0,00000000;0,00000000;0,00000000;0,00000000;0,00000000;0,00000000;0,00000000;0,00000000;0,00000000;0,00000000;0,00000000;0,00000000;0,00000000;0,00000000;0,00000000;0,00000000;0,00000000;0,00000000;0,00000000;0,00000000;0,00000000;0,00000000;0,00000000;0,00000000;0,00000000;0,00000000;0,00000000;0,00000000;0,00000000;0,00000000;0,00000000;0,00000000;0,00000000;0,00000000;0,00000000;0,00000000;0,00000000;0,00000000;0,00000000;0,00000000;0,00000000;0,00000000;0,00000000;0,00000000;0,00000000;0,00000000;0,00000000;0,00000000;0,00000000;0,00000000;0,00000000;0,00000000;0,00000000;0,00000000;0,00000000;0,00000000;0,00000000;0,00000000;0,00000000;0,00000000;0,00000000;0,00000000;0,00000000;0,00000000;0,00000000;0,00000000;0,00000000;0,00000000;0,00000000;0,00000000;0,00000000;0,00000000;0,00000000;0,00000000;0,00000000;0,00000000;0,00000000;0,00000000;0,00000000;0,00000000;0,00000000;0,00000000;0,00000000;0,00000000;0,00000000;0,00000000;0,00000000;0,00000000;0,00000000;0,00000000;0,00000000;0,00000000;0,00000000;0,00000000;0,00000000;0,00000000;0,00000000;0,00000000;0,00000000;0,00000000;0,00000000;0,00000000;0,00000000;0,00000000;0,00000000;0,00000000;0,00000000;0,00000000;0,00000000;0,00000000;0,00000000;0,00000000;0,00000000;0,00000000;0,00000000;0,00000000;0,00000000;0,00000000;0,00000000;0,00000000;0,00000000;0,00000000;0,00000000;0,00000000;0,00000000;0,00000000;0,00000000;0,00000000;0,00000000;0,00000000;0,00000000;0,00000000;0,00000000;0,00000000;0,00000000;0,00000000;0,00000000;0,00000000;0,00000000;0,00000000;0,00000000;0,00000000;0,00000000;0,00000000;0,00000000;0,00000000;0,00000000;0,00000000;0,00000000;0,00000000;0,00000000;0,00000000;0,00000000;0,00000000;9.0;1.0;SEMIANNUAL;1.0;0.02;2.0
0,21127452;0,21137718;0,21152285;0,21164734;0,21180726;0,21190207;0,20454549;0,20460165;0,20464065;0,20468656;0,20470876;0,20474411;0,19412448;0,19414002;0,19415239;0,19416836;0,19418242;0,19419968;0,18296971;0,18298691;0,18300091;0,18302030;0,18304288;0,18307000;0,17138517;0,17140251;0,17142207;0,17143654;0,17144605;0,17145673;0,15947558;0,15948585;0,15949373;0,15950202;0,15950799;0,15952045;0,14712753;0,14712188;0,14711563;0,14710988;0,14710727;0,14710186;0,13497248;0,13496576;0,13495670;0,13494593;0,13493887;0,13492438;0,12230406;0,12229348;0,12228157;0,12227302;0,12226388;0,12225633;0,10989774;0,10989003;0,10988520;0,10988941;0,10989801;0,10991070;0,09760842;0,09768162;0,09775977;0,09784026;0,09792227;0,09800558;0,08566270;0,08573299;0,08580752;0,08588643;0,08596546;0,08604238;0,07354351;0,07361370;0,07368348;0,07374856;0,07381367;0,07388109;0,06158349;0,06164319;0,06170602;0,06176842;0,06182903;0,06189013;0,04936078;0,04941212;0,04946224;0,04951058;0,04955805;0,04961106;0,03727321;0,03731599;0,03736152;0,03740725;0,03745180;0,03749547;0,02493187;0,02495670;0,02498125;0,02500489;0,02503055;0,02505891;0,01268613;0,01269833;0,01270789;0,01271474;0,01272235;0,01273157;0,00000000;0,00000000;0,00000000;0,00000000;0,00000000;0,00000000;0,00000000;0,00000000;0,00000000;0,00000000;0,00000000;0,00000000;0,00000000;0,00000000;0,00000000;0,00000000;0,00000000;0,00000000;0,00000000;0,00000000;0,00000000;0,00000000;0,00000000;0,00000000;0,00000000;0,00000000;0,00000000;0,00000000;0,00000000;0,00000000;0,00000000;0,00000000;0,00000000;0,00000000;0,00000000;0,00000000;0,00000000;0,00000000;0,00000000;0,00000000;0,00000000;0,00000000;0,00000000;0,00000000;0,00000000;0,00000000;0,00000000;0,00000000;0,00000000;0,00000000;0,00000000;0,00000000;0,00000000;0,00000000;0,00000000;0,00000000;0,00000000;0,00000000;0,00000000;0,00000000;0,00000000;0,00000000;0,00000000;0,00000000;0,00000000;0,00000000;0,00000000;0,00000000;0,00000000;0,00000000;0,00000000;0,00000000;0,00000000;0,00000000;0,00000000;0,00000000;0,00000000;0,00000000;0,00000000;0,00000000;0,00000000;0,00000000;0,00000000;0,00000000;0,00000000;0,00000000;0,00000000;0,00000000;0,00000000;0,00000000;0,00000000;0,00000000;0,00000000;0,00000000;0,00000000;0,00000000;0,00000000;0,00000000;0,00000000;0,00000000;0,00000000;0,00000000;0,00000000;0,00000000;0,00000000;0,00000000;0,00000000;0,00000000;0,00000000;0,00000000;0,00000000;0,00000000;0,00000000;0,00000000;0,00000000;0,00000000;0,00000000;0,00000000;0,00000000;0,00000000;0,00000000;0,00000000;0,00000000;0,00000000;0,00000000;0,00000000;0,00000000;0,00000000;0,00000000;0,00000000;0,00000000;0,00000000;0,00000000;0,00000000;0,00000000;0,00000000;0,00000000;0,00000000;0,00000000;0,00000000;0,00000000;0,00000000;0,00000000;0,00000000;0,00000000;0,00000000;0,00000000;0,00000000;0,00000000;0,00000000;0,00000000;0,00000000;0,00000000;0,00000000;0,00000000;0,00000000;0,00000000;0,00000000;0,00000000;0,00000000;0,00000000;0,00000000;0,00000000;0,00000000;0,00000000;0,00000000;0,00000000;0,00000000;0,00000000;0,00000000;0,00000000;0,00000000;0,00000000;0,00000000;0,00000000;0,00000000;0,00000000;0,00000000;0,00000000;0,00000000;0,00000000;0,00000000;0,00000000;0,00000000;0,00000000;0,00000000;0,00000000;0,00000000;0,00000000;0,00000000;0,00000000;0,00000000;0,00000000;0,00000000;0,00000000;0,00000000;0,00000000;0,00000000;0,00000000;0,00000000;0,00000000;0,00000000;0,00000000;0,00000000;0,00000000;0,00000000;0,00000000;0,00000000;0,00000000;0,00000000;0,00000000;0,00000000;0,00000000;0,00000000;0,00000000;0,00000000;0,00000000;0,00000000;0,00000000;0,00000000;0,00000000;0,00000000;0,00000000;0,00000000;0,00000000;0,00000000;0,00000000;0,00000000;0,00000000;0,00000000;0,00000000;0,00000000;0,00000000;0,00000000;0,00000000;0,00000000;0,00000000;0,00000000;0,00000000;0,00000000;0,00000000;0,00000000;0,00000000;0,00000000;0,00000000;0,00000000;0,00000000;0,00000000;0,00000000;0,00000000;0,00000000;0,00000000;9.0;1.0;SEMIANNUAL;1.0;0.025;3.0
0,25556105;0,25569704;0,25591607;0,25605118;0,25621730;0,25633199;0,24651190;0,24657959;0,24662658;0,24667565;0,24670027;0,24673415;0,23361106;0,23363361;0,23364849;0,23366772;0,23370844;0,23373462;0,22000105;0,22002173;0,22003690;0,22006022;0,22008737;0,22011998;0,20592622;0,20594821;0,20597057;0,20598795;0,20599937;0,20601221;0,19155517;0,19156752;0,19157698;0,19159081;0,19159819;0,19161180;0,17666985;0,17666307;0,17665556;0,17664866;0,17664552;0,17663902;0,16205743;0,16204936;0,16203847;0,16202460;0,16201647;0,16199907;0,14684194;0,14682923;0,14681494;0,14680455;0,14679358;0,14678451;0,13193080;0,13192153;0,13191573;0,13192079;0,13193112;0,13194635;0,11716693;0,11725480;0,11734837;0,11744500;0,11754344;0,11764344;0,10282204;0,10290641;0,10299586;0,10309058;0,10318540;0,10327769;0,08827186;0,08835610;0,08843986;0,08851797;0,08859612;0,08867704;0,07391236;0,07398402;0,07405943;0,07413432;0,07420707;0,07428051;0,05924110;0,05930272;0,05936288;0,05942089;0,05947786;0,05954148;0,04473280;0,04478415;0,04483879;0,04489367;0,04494714;0,04499955;0,02992103;0,02995080;0,02998027;0,03000864;0,03003943;0,03007347;0,01522439;0,01523903;0,01525049;0,01525872;0,01526785;0,01527892;0,00000000;0,00000000;0,00000000;0,00000000;0,00000000;0,00000000;0,00000000;0,00000000;0,00000000;0,00000000;0,00000000;0,00000000;0,00000000;0,00000000;0,00000000;0,00000000;0,00000000;0,00000000;0,00000000;0,00000000;0,00000000;0,00000000;0,00000000;0,00000000;0,00000000;0,00000000;0,00000000;0,00000000;0,00000000;0,00000000;0,00000000;0,00000000;0,00000000;0,00000000;0,00000000;0,00000000;0,00000000;0,00000000;0,00000000;0,00000000;0,00000000;0,00000000;0,00000000;0,00000000;0,00000000;0,00000000;0,00000000;0,00000000;0,00000000;0,00000000;0,00000000;0,00000000;0,00000000;0,00000000;0,00000000;0,00000000;0,00000000;0,00000000;0,00000000;0,00000000;0,00000000;0,00000000;0,00000000;0,00000000;0,00000000;0,00000000;0,00000000;0,00000000;0,00000000;0,00000000;0,00000000;0,00000000;0,00000000;0,00000000;0,00000000;0,00000000;0,00000000;0,00000000;0,00000000;0,00000000;0,00000000;0,00000000;0,00000000;0,00000000;0,00000000;0,00000000;0,00000000;0,00000000;0,00000000;0,00000000;0,00000000;0,00000000;0,00000000;0,00000000;0,00000000;0,00000000;0,00000000;0,00000000;0,00000000;0,00000000;0,00000000;0,00000000;0,00000000;0,00000000;0,00000000;0,00000000;0,00000000;0,00000000;0,00000000;0,00000000;0,00000000;0,00000000;0,00000000;0,00000000;0,00000000;0,00000000;0,00000000;0,00000000;0,00000000;0,00000000;0,00000000;0,00000000;0,00000000;0,00000000;0,00000000;0,00000000;0,00000000;0,00000000;0,00000000;0,00000000;0,00000000;0,00000000;0,00000000;0,00000000;0,00000000;0,00000000;0,00000000;0,00000000;0,00000000;0,00000000;0,00000000;0,00000000;0,00000000;0,00000000;0,00000000;0,00000000;0,00000000;0,00000000;0,00000000;0,00000000;0,00000000;0,00000000;0,00000000;0,00000000;0,00000000;0,00000000;0,00000000;0,00000000;0,00000000;0,00000000;0,00000000;0,00000000;0,00000000;0,00000000;0,00000000;0,00000000;0,00000000;0,00000000;0,00000000;0,00000000;0,00000000;0,00000000;0,00000000;0,00000000;0,00000000;0,00000000;0,00000000;0,00000000;0,00000000;0,00000000;0,00000000;0,00000000;0,00000000;0,00000000;0,00000000;0,00000000;0,00000000;0,00000000;0,00000000;0,00000000;0,00000000;0,00000000;0,00000000;0,00000000;0,00000000;0,00000000;0,00000000;0,00000000;0,00000000;0,00000000;0,00000000;0,00000000;0,00000000;0,00000000;0,00000000;0,00000000;0,00000000;0,00000000;0,00000000;0,00000000;0,00000000;0,00000000;0,00000000;0,00000000;0,00000000;0,00000000;0,00000000;0,00000000;0,00000000;0,00000000;0,00000000;0,00000000;0,00000000;0,00000000;0,00000000;0,00000000;0,00000000;0,00000000;0,00000000;0,00000000;0,00000000;0,00000000;0,00000000;0,00000000;0,00000000;0,00000000;0,00000000;0,00000000;0,00000000;0,00000000;0,00000000;0,00000000;0,00000000;0,00000000;0,00000000;0,00000000;0,00000000;0,00000000;0,00000000;0,00000000;0,00000000;0,00000000;9.0;1.0;SEMIANNUAL;1.0;0.03;3.0
0,11899795;0,11905737;0,11911680;0,11917908;0,11922352;0,11926848;0,11932567;0,11935153;0,11937974;0,11939628;0,11941432;0,11945111;0,11448195;0,11450070;0,11451372;0,11452666;0,11453819;0,11455508;0,11457848;0,11459919;0,11462475;0,11464159;0,11465761;0,11467804;0,10187877;0,10188472;0,10189072;0,10189934;0,10190682;0,10191431;0,10192119;0,10192882;0,10193448;0,10193985;0,10194111;0,10194542;0,08779005;0,08779016;0,08779106;0,08778815;0,08778605;0,08778264;0,08777751;0,08777088;0,08776305;0,08775479;0,08775080;0,08774260;0,07306466;0,07305842;0,07305149;0,07304522;0,07303913;0,07303456;0,07303220;0,07302734;0,07302469;0,07302813;0,07303433;0,07304353;0,05831251;0,05835672;0,05840359;0,05845168;0,05850079;0,05855051;0,05859969;0,05864771;0,05869856;0,05875239;0,05880643;0,05885917;0,04394764;0,04398951;0,04403115;0,04407001;0,04410885;0,04414910;0,04419237;0,04423522;0,04428027;0,04432503;0,04436850;0,04441238;0,02950789;0,02953858;0,02956855;0,02959742;0,02962579;0,02965747;0,02969064;0,02972474;0,02976103;0,02979750;0,02983301;0,02986783;0,01491762;0,01493248;0,01494718;0,01496133;0,01497667;0,01499364;0,01501033;0,01502477;0,01503608;0,01504419;0,01505320;0,01506412;0,00000000;0,00000000;0,00000000;0,00000000;0,00000000;0,00000000;0,00000000;0,00000000;0,00000000;0,00000000;0,00000000;0,00000000;0,00000000;0,00000000;0,00000000;0,00000000;0,00000000;0,00000000;0,00000000;0,00000000;0,00000000;0,00000000;0,00000000;0,00000000;0,00000000;0,00000000;0,00000000;0,00000000;0,00000000;0,00000000;0,00000000;0,00000000;0,00000000;0,00000000;0,00000000;0,00000000;0,00000000;0,00000000;0,00000000;0,00000000;0,00000000;0,00000000;0,00000000;0,00000000;0,00000000;0,00000000;0,00000000;0,00000000;0,00000000;0,00000000;0,00000000;0,00000000;0,00000000;0,00000000;0,00000000;0,00000000;0,00000000;0,00000000;0,00000000;0,00000000;0,00000000;0,00000000;0,00000000;0,00000000;0,00000000;0,00000000;0,00000000;0,00000000;0,00000000;0,00000000;0,00000000;0,00000000;0,00000000;0,00000000;0,00000000;0,00000000;0,00000000;0,00000000;0,00000000;0,00000000;0,00000000;0,00000000;0,00000000;0,00000000;0,00000000;0,00000000;0,00000000;0,00000000;0,00000000;0,00000000;0,00000000;0,00000000;0,00000000;0,00000000;0,00000000;0,00000000;0,00000000;0,00000000;0,00000000;0,00000000;0,00000000;0,00000000;0,00000000;0,00000000;0,00000000;0,00000000;0,00000000;0,00000000;0,00000000;0,00000000;0,00000000;0,00000000;0,00000000;0,00000000;0,00000000;0,00000000;0,00000000;0,00000000;0,00000000;0,00000000;0,00000000;0,00000000;0,00000000;0,00000000;0,00000000;0,00000000;0,00000000;0,00000000;0,00000000;0,00000000;0,00000000;0,00000000;0,00000000;0,00000000;0,00000000;0,00000000;0,00000000;0,00000000;0,00000000;0,00000000;0,00000000;0,00000000;0,00000000;0,00000000;0,00000000;0,00000000;0,00000000;0,00000000;0,00000000;0,00000000;0,00000000;0,00000000;0,00000000;0,00000000;0,00000000;0,00000000;0,00000000;0,00000000;0,00000000;0,00000000;0,00000000;0,00000000;0,00000000;0,00000000;0,00000000;0,00000000;0,00000000;0,00000000;0,00000000;0,00000000;0,00000000;0,00000000;0,00000000;0,00000000;0,00000000;0,00000000;0,00000000;0,00000000;0,00000000;0,00000000;0,00000000;0,00000000;0,00000000;0,00000000;0,00000000;0,00000000;0,00000000;0,00000000;0,00000000;0,00000000;0,00000000;0,00000000;0,00000000;0,00000000;0,00000000;0,00000000;0,00000000;0,00000000;0,00000000;0,00000000;0,00000000;0,00000000;0,00000000;0,00000000;0,00000000;0,00000000;0,00000000;0,00000000;0,00000000;0,00000000;0,00000000;0,00000000;0,00000000;0,00000000;0,00000000;0,00000000;0,00000000;0,00000000;0,00000000;0,00000000;0,00000000;0,00000000;0,00000000;0,00000000;0,00000000;0,00000000;0,00000000;0,00000000;0,00000000;0,00000000;0,00000000;0,00000000;0,00000000;0,00000000;0,00000000;0,00000000;0,00000000;0,00000000;0,00000000;0,00000000;0,00000000;0,00000000;0,00000000;0,00000000;0,00000000;0,00000000;0,00000000;0,00000000;0,00000000;0,00000000;0,00000000;0,00000000;9.0;1.0;ANNUAL;2.0;0.015;2.0
0,16326541;0,16334652;0,16343469;0,16352194;0,16359411;0,16365068;0,16368115;0,16373980;0,16376837;0,16381192;0,16383668;0,16387201;0,15391507;0,15394251;0,15396388;0,15398038;0,15399226;0,15400472;0,15402058;0,15404841;0,15408277;0,15410542;0,15412694;0,15415797;0,13635623;0,13636421;0,13637224;0,13638377;0,13639378;0,13640381;0,13641301;0,13642322;0,13643080;0,13643799;0,13643968;0,13644545;0,11727654;0,11727655;0,11727183;0,11726695;0,11726415;0,11725959;0,11725274;0,11724462;0,11723512;0,11722480;0,11721971;0,11720798;0,09754401;0,09753568;0,09752644;0,09751806;0,09750993;0,09750384;0,09750068;0,09749420;0,09749065;0,09749525;0,09750352;0,09751581;0,07781504;0,07787403;0,07793645;0,07800072;0,07806562;0,07813177;0,07819816;0,07826229;0,07833016;0,07840186;0,07847371;0,07854381;0,05863210;0,05868827;0,05874384;0,05879568;0,05884750;0,05890119;0,05895892;0,05901609;0,05907620;0,05913591;0,05919391;0,05925245;0,03935899;0,03939993;0,03943989;0,03947841;0,03951625;0,03955850;0,03960274;0,03964824;0,03969664;0,03974528;0,03979265;0,03983909;0,01989495;0,01991476;0,01993437;0,01995324;0,01997371;0,01999633;0,02001859;0,02003786;0,02005294;0,02006376;0,02007577;0,02009033;0,00000000;0,00000000;0,00000000;0,00000000;0,00000000;0,00000000;0,00000000;0,00000000;0,00000000;0,00000000;0,00000000;0,00000000;0,00000000;0,00000000;0,00000000;0,00000000;0,00000000;0,00000000;0,00000000;0,00000000;0,00000000;0,00000000;0,00000000;0,00000000;0,00000000;0,00000000;0,00000000;0,00000000;0,00000000;0,00000000;0,00000000;0,00000000;0,00000000;0,00000000;0,00000000;0,00000000;0,00000000;0,00000000;0,00000000;0,00000000;0,00000000;0,00000000;0,00000000;0,00000000;0,00000000;0,00000000;0,00000000;0,00000000;0,00000000;0,00000000;0,00000000;0,00000000;0,00000000;0,00000000;0,00000000;0,00000000;0,00000000;0,00000000;0,00000000;0,00000000;0,00000000;0,00000000;0,00000000;0,00000000;0,00000000;0,00000000;0,00000000;0,00000000;0,00000000;0,00000000;0,00000000;0,00000000;0,00000000;0,00000000;0,00000000;0,00000000;0,00000000;0,00000000;0,00000000;0,00000000;0,00000000;0,00000000;0,00000000;0,00000000;0,00000000;0,00000000;0,00000000;0,00000000;0,00000000;0,00000000;0,00000000;0,00000000;0,00000000;0,00000000;0,00000000;0,00000000;0,00000000;0,00000000;0,00000000;0,00000000;0,00000000;0,00000000;0,00000000;0,00000000;0,00000000;0,00000000;0,00000000;0,00000000;0,00000000;0,00000000;0,00000000;0,00000000;0,00000000;0,00000000;0,00000000;0,00000000;0,00000000;0,00000000;0,00000000;0,00000000;0,00000000;0,00000000;0,00000000;0,00000000;0,00000000;0,00000000;0,00000000;0,00000000;0,00000000;0,00000000;0,00000000;0,00000000;0,00000000;0,00000000;0,00000000;0,00000000;0,00000000;0,00000000;0,00000000;0,00000000;0,00000000;0,00000000;0,00000000;0,00000000;0,00000000;0,00000000;0,00000000;0,00000000;0,00000000;0,00000000;0,00000000;0,00000000;0,00000000;0,00000000;0,00000000;0,00000000;0,00000000;0,00000000;0,00000000;0,00000000;0,00000000;0,00000000;0,00000000;0,00000000;0,00000000;0,00000000;0,00000000;0,00000000;0,00000000;0,00000000;0,00000000;0,00000000;0,00000000;0,00000000;0,00000000;0,00000000;0,00000000;0,00000000;0,00000000;0,00000000;0,00000000;0,00000000;0,00000000;0,00000000;0,00000000;0,00000000;0,00000000;0,00000000;0,00000000;0,00000000;0,00000000;0,00000000;0,00000000;0,00000000;0,00000000;0,00000000;0,00000000;0,00000000;0,00000000;0,00000000;0,00000000;0,00000000;0,00000000;0,00000000;0,00000000;0,00000000;0,00000000;0,00000000;0,00000000;0,00000000;0,00000000;0,00000000;0,00000000;0,00000000;0,00000000;0,00000000;0,00000000;0,00000000;0,00000000;0,00000000;0,00000000;0,00000000;0,00000000;0,00000000;0,00000000;0,00000000;0,00000000;0,00000000;0,00000000;0,00000000;0,00000000;0,00000000;0,00000000;0,00000000;0,00000000;0,00000000;0,00000000;0,00000000;0,00000000;0,00000000;0,00000000;0,00000000;0,00000000;0,00000000;0,00000000;0,00000000;0,00000000;0,00000000;0,00000000;0,00000000;0,00000000;0,00000000;9.0;1.0;ANNUAL;2.0;0.02;2.0
0,20742575;0,20760826;0,20773775;0,20785273;0,20794590;0,20799530;0,20803403;0,20807631;0,20818622;0,20822582;0,20825903;0,20830395;0,19335595;0,19338619;0,19341072;0,19343800;0,19345292;0,19346857;0,19348026;0,19349764;0,19354080;0,19356924;0,19359628;0,19363525;0,17083936;0,17084817;0,17085682;0,17086820;0,17088074;0,17089331;0,17090484;0,17091763;0,17092712;0,17093613;0,17093825;0,17094548;0,14676304;0,14675776;0,14675185;0,14674575;0,14674225;0,14673654;0,14672797;0,14671996;0,14670808;0,14669516;0,14668879;0,14667412;0,12202337;0,12201295;0,12200139;0,12199090;0,12198073;0,12197311;0,12196916;0,12196105;0,12195662;0,12196237;0,12197272;0,12198809;0,09731757;0,09739134;0,09746935;0,09754904;0,09763021;0,09771309;0,09779612;0,09787691;0,09796179;0,09805146;0,09814131;0,09822898;0,07331628;0,07338651;0,07345629;0,07352135;0,07358615;0,07365329;0,07372548;0,07379697;0,07387212;0,07394679;0,07401932;0,07409252;0,04921009;0,04926127;0,04931124;0,04935940;0,04940671;0,04945953;0,04951485;0,04957173;0,04963225;0,04969306;0,04975228;0,04981036;0,02487228;0,02489705;0,02492156;0,02494515;0,02497074;0,02499903;0,02502685;0,02505094;0,02506979;0,02508332;0,02509833;0,02511654;0,00000000;0,00000000;0,00000000;0,00000000;0,00000000;0,00000000;0,00000000;0,00000000;0,00000000;0,00000000;0,00000000;0,00000000;0,00000000;0,00000000;0,00000000;0,00000000;0,00000000;0,00000000;0,00000000;0,00000000;0,00000000;0,00000000;0,00000000;0,00000000;0,00000000;0,00000000;0,00000000;0,00000000;0,00000000;0,00000000;0,00000000;0,00000000;0,00000000;0,00000000;0,00000000;0,00000000;0,00000000;0,00000000;0,00000000;0,00000000;0,00000000;0,00000000;0,00000000;0,00000000;0,00000000;0,00000000;0,00000000;0,00000000;0,00000000;0,00000000;0,00000000;0,00000000;0,00000000;0,00000000;0,00000000;0,00000000;0,00000000;0,00000000;0,00000000;0,00000000;0,00000000;0,00000000;0,00000000;0,00000000;0,00000000;0,00000000;0,00000000;0,00000000;0,00000000;0,00000000;0,00000000;0,00000000;0,00000000;0,00000000;0,00000000;0,00000000;0,00000000;0,00000000;0,00000000;0,00000000;0,00000000;0,00000000;0,00000000;0,00000000;0,00000000;0,00000000;0,00000000;0,00000000;0,00000000;0,00000000;0,00000000;0,00000000;0,00000000;0,00000000;0,00000000;0,00000000;0,00000000;0,00000000;0,00000000;0,00000000;0,00000000;0,00000000;0,00000000;0,00000000;0,00000000;0,00000000;0,00000000;0,00000000;0,00000000;0,00000000;0,00000000;0,00000000;0,00000000;0,00000000;0,00000000;0,00000000;0,00000000;0,00000000;0,00000000;0,00000000;0,00000000;0,00000000;0,00000000;0,00000000;0,00000000;0,00000000;0,00000000;0,00000000;0,00000000;0,00000000;0,00000000;0,00000000;0,00000000;0,00000000;0,00000000;0,00000000;0,00000000;0,00000000;0,00000000;0,00000000;0,00000000;0,00000000;0,00000000;0,00000000;0,00000000;0,00000000;0,00000000;0,00000000;0,00000000;0,00000000;0,00000000;0,00000000;0,00000000;0,00000000;0,00000000;0,00000000;0,00000000;0,00000000;0,00000000;0,00000000;0,00000000;0,00000000;0,00000000;0,00000000;0,00000000;0,00000000;0,00000000;0,00000000;0,00000000;0,00000000;0,00000000;0,00000000;0,00000000;0,00000000;0,00000000;0,00000000;0,00000000;0,00000000;0,00000000;0,00000000;0,00000000;0,00000000;0,00000000;0,00000000;0,00000000;0,00000000;0,00000000;0,00000000;0,00000000;0,00000000;0,00000000;0,00000000;0,00000000;0,00000000;0,00000000;0,00000000;0,00000000;0,00000000;0,00000000;0,00000000;0,00000000;0,00000000;0,00000000;0,00000000;0,00000000;0,00000000;0,00000000;0,00000000;0,00000000;0,00000000;0,00000000;0,00000000;0,00000000;0,00000000;0,00000000;0,00000000;0,00000000;0,00000000;0,00000000;0,00000000;0,00000000;0,00000000;0,00000000;0,00000000;0,00000000;0,00000000;0,00000000;0,00000000;0,00000000;0,00000000;0,00000000;0,00000000;0,00000000;0,00000000;0,00000000;0,00000000;0,00000000;0,00000000;0,00000000;0,00000000;0,00000000;0,00000000;0,00000000;0,00000000;0,00000000;0,00000000;0,00000000;0,00000000;0,00000000;0,00000000;0,00000000;0,00000000;9.0;1.0;ANNUAL;2.0;0.025;3.0
0,25166227;0,25188371;0,25204081;0,25214120;0,25224146;0,25233992;0,25238691;0,25244608;0,25253443;0,25263441;0,25268138;0,25273588;0,23279401;0,23282364;0,23285317;0,23289448;0,23291359;0,23293243;0,23294650;0,23296596;0,23299882;0,23303306;0,23306562;0,23311253;0,20533033;0,20534092;0,20535132;0,20536376;0,20537262;0,20538387;0,20539667;0,20541203;0,20542344;0,20543550;0,20543888;0,20544836;0,17624567;0,17623898;0,17623188;0,17622455;0,17622034;0,17621350;0,17620419;0,17619531;0,17618103;0,17616552;0,17615787;0,17614026;0,14650272;0,14649021;0,14647633;0,14646375;0,14645154;0,14644239;0,14643764;0,14642791;0,14642258;0,14642949;0,14644191;0,14646036;0,11682009;0,11690865;0,11700170;0,11709737;0,11719480;0,11729441;0,11739408;0,11749133;0,11759341;0,11770106;0,11780892;0,11791415;0,08800046;0,08808476;0,08816851;0,08824693;0,08832480;0,08840538;0,08849204;0,08857784;0,08866805;0,08875767;0,08884473;0,08893259;0,05906119;0,05912262;0,05918259;0,05924039;0,05929717;0,05936057;0,05942696;0,05949522;0,05956786;0,05964084;0,05971192;0,05978162;0,02984961;0,02987934;0,02990875;0,02993707;0,02996778;0,03000172;0,03003512;0,03006402;0,03008665;0,03010288;0,03012090;0,03014275;0,00000000;0,00000000;0,00000000;0,00000000;0,00000000;0,00000000;0,00000000;0,00000000;0,00000000;0,00000000;0,00000000;0,00000000;0,00000000;0,00000000;0,00000000;0,00000000;0,00000000;0,00000000;0,00000000;0,00000000;0,00000000;0,00000000;0,00000000;0,00000000;0,00000000;0,00000000;0,00000000;0,00000000;0,00000000;0,00000000;0,00000000;0,00000000;0,00000000;0,00000000;0,00000000;0,00000000;0,00000000;0,00000000;0,00000000;0,00000000;0,00000000;0,00000000;0,00000000;0,00000000;0,00000000;0,00000000;0,00000000;0,00000000;0,00000000;0,00000000;0,00000000;0,00000000;0,00000000;0,00000000;0,00000000;0,00000000;0,00000000;0,00000000;0,00000000;0,00000000;0,00000000;0,00000000;0,00000000;0,00000000;0,00000000;0,00000000;0,00000000;0,00000000;0,00000000;0,00000000;0,00000000;0,00000000;0,00000000;0,00000000;0,00000000;0,00000000;0,00000000;0,00000000;0,00000000;0,00000000;0,00000000;0,00000000;0,00000000;0,00000000;0,00000000;0,00000000;0,00000000;0,00000000;0,00000000;0,00000000;0,00000000;0,00000000;0,00000000;0,00000000;0,00000000;0,00000000;0,00000000;0,00000000;0,00000000;0,00000000;0,00000000;0,00000000;0,00000000;0,00000000;0,00000000;0,00000000;0,00000000;0,00000000;0,00000000;0,00000000;0,00000000;0,00000000;0,00000000;0,00000000;0,00000000;0,00000000;0,00000000;0,00000000;0,00000000;0,00000000;0,00000000;0,00000000;0,00000000;0,00000000;0,00000000;0,00000000;0,00000000;0,00000000;0,00000000;0,00000000;0,00000000;0,00000000;0,00000000;0,00000000;0,00000000;0,00000000;0,00000000;0,00000000;0,00000000;0,00000000;0,00000000;0,00000000;0,00000000;0,00000000;0,00000000;0,00000000;0,00000000;0,00000000;0,00000000;0,00000000;0,00000000;0,00000000;0,00000000;0,00000000;0,00000000;0,00000000;0,00000000;0,00000000;0,00000000;0,00000000;0,00000000;0,00000000;0,00000000;0,00000000;0,00000000;0,00000000;0,00000000;0,00000000;0,00000000;0,00000000;0,00000000;0,00000000;0,00000000;0,00000000;0,00000000;0,00000000;0,00000000;0,00000000;0,00000000;0,00000000;0,00000000;0,00000000;0,00000000;0,00000000;0,00000000;0,00000000;0,00000000;0,00000000;0,00000000;0,00000000;0,00000000;0,00000000;0,00000000;0,00000000;0,00000000;0,00000000;0,00000000;0,00000000;0,00000000;0,00000000;0,00000000;0,00000000;0,00000000;0,00000000;0,00000000;0,00000000;0,00000000;0,00000000;0,00000000;0,00000000;0,00000000;0,00000000;0,00000000;0,00000000;0,00000000;0,00000000;0,00000000;0,00000000;0,00000000;0,00000000;0,00000000;0,00000000;0,00000000;0,00000000;0,00000000;0,00000000;0,00000000;0,00000000;0,00000000;0,00000000;0,00000000;0,00000000;0,00000000;0,00000000;0,00000000;0,00000000;0,00000000;0,00000000;0,00000000;0,00000000;0,00000000;0,00000000;0,00000000;0,00000000;0,00000000;0,00000000;0,00000000;0,00000000;0,00000000;0,00000000;0,00000000;0,00000000;9.0;1.0;ANNUAL;2.0;0.03;3.0
0,11922347;0,11934984;0,11943627;0,11954361;0,11964943;0,11971715;0,11842298;0,11844574;0,11847521;0,11616802;0,11618878;0,11622830;0,11360451;0,11364372;0,11368173;0,11100949;0,11104299;0,11107195;0,10826773;0,10828292;0,10829374;0,10519256;0,10520870;0,10523193;0,10182271;0,10184122;0,10185953;0,09838727;0,09839543;0,09840525;0,09498922;0,09500379;0,09501475;0,09141500;0,09142465;0,09142993;0,08781573;0,08781138;0,08780616;0,08428703;0,08428509;0,08428159;0,08060928;0,08059841;0,08058629;0,07676660;0,07676022;0,07674945;0,07307682;0,07307067;0,07306569;0,06936370;0,06936175;0,06936304;0,06572626;0,06573188;0,06573863;0,06209666;0,06211192;0,06212827;0,05850177;0,05855447;0,05860746;0,05495315;0,05500253;0,05505061;0,05137984;0,05142125;0,05146401;0,04774893;0,04778952;0,04782726;0,04411779;0,04415568;0,04419400;0,04055711;0,04059041;0,04062508;0,03693716;0,03696909;0,03700475;0,03326750;0,03330025;0,03333380;0,02959444;0,02962461;0,02965771;0,02600257;0,02603611;0,02606740;0,02236336;0,02238656;0,02240982;0,01865465;0,01867619;0,01869768;0,01493936;0,01495519;0,01497320;0,01129665;0,01131031;0,01132458;0,00760100;0,00761087;0,00762169;0,00385113;0,00385525;0,00385893;0,00000000;0,00000000;0,00000000;0,00000000;0,00000000;0,00000000;0,00000000;0,00000000;0,00000000;0,00000000;0,00000000;0,00000000;0,00000000;0,00000000;0,00000000;0,00000000;0,00000000;0,00000000;0,00000000;0,00000000;0,00000000;0,00000000;0,00000000;0,00000000;0,00000000;0,00000000;0,00000000;0,00000000;0,00000000;0,00000000;0,00000000;0,00000000;0,00000000;0,00000000;0,00000000;0,00000000;0,00000000;0,00000000;0,00000000;0,00000000;0,00000000;0,00000000;0,00000000;0,00000000;0,00000000;0,00000000;0,00000000;0,00000000;0,00000000;0,00000000;0,00000000;0,00000000;0,00000000;0,00000000;0,00000000;0,00000000;0,00000000;0,00000000;0,00000000;0,00000000;0,00000000;0,00000000;0,00000000;0,00000000;0,00000000;0,00000000;0,00000000;0,00000000;0,00000000;0,00000000;0,00000000;0,00000000;0,00000000;0,00000000;0,00000000;0,00000000;0,00000000;0,00000000;0,00000000;0,00000000;0,00000000;0,00000000;0,00000000;0,00000000;0,00000000;0,00000000;0,00000000;0,00000000;0,00000000;0,00000000;0,00000000;0,00000000;0,00000000;0,00000000;0,00000000;0,00000000;0,00000000;0,00000000;0,00000000;0,00000000;0,00000000;0,00000000;0,00000000;0,00000000;0,00000000;0,00000000;0,00000000;0,00000000;0,00000000;0,00000000;0,00000000;0,00000000;0,00000000;0,00000000;0,00000000;0,00000000;0,00000000;0,00000000;0,00000000;0,00000000;0,00000000;0,00000000;0,00000000;0,00000000;0,00000000;0,00000000;0,00000000;0,00000000;0,00000000;0,00000000;0,00000000;0,00000000;0,00000000;0,00000000;0,00000000;0,00000000;0,00000000;0,00000000;0,00000000;0,00000000;0,00000000;0,00000000;0,00000000;0,00000000;0,00000000;0,00000000;0,00000000;0,00000000;0,00000000;0,00000000;0,00000000;0,00000000;0,00000000;0,00000000;0,00000000;0,00000000;0,00000000;0,00000000;0,00000000;0,00000000;0,00000000;0,00000000;0,00000000;0,00000000;0,00000000;0,00000000;0,00000000;0,00000000;0,00000000;0,00000000;0,00000000;0,00000000;0,00000000;0,00000000;0,00000000;0,00000000;0,00000000;0,00000000;0,00000000;0,00000000;0,00000000;0,00000000;0,00000000;0,00000000;0,00000000;0,00000000;0,00000000;0,00000000;0,00000000;0,00000000;0,00000000;0,00000000;0,00000000;0,00000000;0,00000000;0,00000000;0,00000000;0,00000000;0,00000000;0,00000000;0,00000000;0,00000000;0,00000000;0,00000000;0,00000000;0,00000000;0,00000000;0,00000000;0,00000000;0,00000000;0,00000000;0,00000000;0,00000000;0,00000000;0,00000000;0,00000000;0,00000000;0,00000000;0,00000000;0,00000000;0,00000000;0,00000000;0,00000000;0,00000000;0,00000000;0,00000000;0,00000000;0,00000000;0,00000000;0,00000000;0,00000000;0,00000000;0,00000000;0,00000000;0,00000000;0,00000000;0,00000000;0,00000000;0,00000000;0,00000000;0,00000000;0,00000000;0,00000000;0,00000000;0,00000000;0,00000000;0,00000000;0,00000000;0,00000000;0,00000000;0,00000000;0,00000000;9.0;1.0;QUARTERLY;0.0;0.015;2.0
0,16338870;0,16351468;0,16365871;0,16259815;0,16274635;0,16284065;0,16032764;0,16037465;0,16044590;0,15683438;0,15686241;0,15691601;0,15304702;0,15309984;0,15315104;0,14924759;0,14929263;0,14933156;0,14527879;0,14529918;0,14532108;0,14096670;0,14098833;0,14101947;0,13635262;0,13637741;0,13640192;0,13170617;0,13171710;0,13173025;0,12707122;0,12709073;0,12710538;0,12224270;0,12225371;0,12226072;0,11736400;0,11735818;0,11735120;0,11262422;0,11262062;0,11261767;0,10769845;0,10768393;0,10766773;0,10255492;0,10254640;0,10253201;0,09760969;0,09760226;0,09759574;0,09264702;0,09264385;0,09264504;0,08776269;0,08777019;0,08777921;0,08289538;0,08291576;0,08293758;0,07808263;0,07815297;0,07822369;0,07333987;0,07340576;0,07346994;0,06856780;0,06862306;0,06868013;0,06371942;0,06377359;0,06382395;0,05886537;0,05891590;0,05896702;0,05410837;0,05415280;0,05419905;0,04927593;0,04931857;0,04936616;0,04437933;0,04442302;0,04446778;0,03947792;0,03951817;0,03956232;0,03468488;0,03472961;0,03477136;0,02982866;0,02985960;0,02989063;0,02488149;0,02491022;0,02493888;0,01992586;0,01994697;0,01997099;0,01506653;0,01508475;0,01510377;0,01013712;0,01015028;0,01016471;0,00513585;0,00514135;0,00514626;0,00000000;0,00000000;0,00000000;0,00000000;0,00000000;0,00000000;0,00000000;0,00000000;0,00000000;0,00000000;0,00000000;0,00000000;0,00000000;0,00000000;0,00000000;0,00000000;0,00000000;0,00000000;0,00000000;0,00000000;0,00000000;0,00000000;0,00000000;0,00000000;0,00000000;0,00000000;0,00000000;0,00000000;0,00000000;0,00000000;0,00000000;0,00000000;0,00000000;0,00000000;0,00000000;0,00000000;0,00000000;0,00000000;0,00000000;0,00000000;0,00000000;0,00000000;0,00000000;0,00000000;0,00000000;0,00000000;0,00000000;0,00000000;0,00000000;0,00000000;0,00000000;0,00000000;0,00000000;0,00000000;0,00000000;0,00000000;0,00000000;0,00000000;0,00000000;0,00000000;0,00000000;0,00000000;0,00000000;0,00000000;0,00000000;0,00000000;0,00000000;0,00000000;0,00000000;0,00000000;0,00000000;0,00000000;0,00000000;0,00000000;0,00000000;0,00000000;0,00000000;0,00000000;0,00000000;0,00000000;0,00000000;0,00000000;0,00000000;0,00000000;0,00000000;0,00000000;0,00000000;0,00000000;0,00000000;0,00000000;0,00000000;0,00000000;0,00000000;0,00000000;0,00000000;0,00000000;0,00000000;0,00000000;0,00000000;0,00000000;0,00000000;0,00000000;0,00000000;0,00000000;0,00000000;0,00000000;0,00000000;0,00000000;0,00000000;0,00000000;0,00000000;0,00000000;0,00000000;0,00000000;0,00000000;0,00000000;0,00000000;0,00000000;0,00000000;0,00000000;0,00000000;0,00000000;0,00000000;0,00000000;0,00000000;0,00000000;0,00000000;0,00000000;0,00000000;0,00000000;0,00000000;0,00000000;0,00000000;0,00000000;0,00000000;0,00000000;0,00000000;0,00000000;0,00000000;0,00000000;0,00000000;0,00000000;0,00000000;0,00000000;0,00000000;0,00000000;0,00000000;0,00000000;0,00000000;0,00000000;0,00000000;0,00000000;0,00000000;0,00000000;0,00000000;0,00000000;0,00000000;0,00000000;0,00000000;0,00000000;0,00000000;0,00000000;0,00000000;0,00000000;0,00000000;0,00000000;0,00000000;0,00000000;0,00000000;0,00000000;0,00000000;0,00000000;0,00000000;0,00000000;0,00000000;0,00000000;0,00000000;0,00000000;0,00000000;0,00000000;0,00000000;0,00000000;0,00000000;0,00000000;0,00000000;0,00000000;0,00000000;0,00000000;0,00000000;0,00000000;0,00000000;0,00000000;0,00000000;0,00000000;0,00000000;0,00000000;0,00000000;0,00000000;0,00000000;0,00000000;0,00000000;0,00000000;0,00000000;0,00000000;0,00000000;0,00000000;0,00000000;0,00000000;0,00000000;0,00000000;0,00000000;0,00000000;0,00000000;0,00000000;0,00000000;0,00000000;0,00000000;0,00000000;0,00000000;0,00000000;0,00000000;0,00000000;0,00000000;0,00000000;0,00000000;0,00000000;0,00000000;0,00000000;0,00000000;0,00000000;0,00000000;0,00000000;0,00000000;0,00000000;0,00000000;0,00000000;0,00000000;0,00000000;0,00000000;0,00000000;0,00000000;0,00000000;0,00000000;0,00000000;0,00000000;0,00000000;0,00000000;0,00000000;0,00000000;0,00000000;0,00000000;0,00000000;9.0;1.0;QUARTERLY;0.0;0.02;2.0
0,20752819;0,20770267;0,20792076;0,20566529;0,20579099;0,20591024;0,20220227;0,20230355;0,20235257;0,19750074;0,19753603;0,19760354;0,19248953;0,19255596;0,19262036;0,18748568;0,18754226;0,18759117;0,18228986;0,18233137;0,18236442;0,17674085;0,17676797;0,17680701;0,17088252;0,17091359;0,17094431;0,16502473;0,16503878;0,16505525;0,15915323;0,15917766;0,15919601;0,15307040;0,15308273;0,15309152;0,14691226;0,14690497;0,14689624;0,14096205;0,14095615;0,14095274;0,13478761;0,13476944;0,13474917;0,12834323;0,12833258;0,12831457;0,12214109;0,12213241;0,12212532;0,11593106;0,11592709;0,11592858;0,10979912;0,10980850;0,10981979;0,10369411;0,10371959;0,10374689;0,09766348;0,09775146;0,09783992;0,09172658;0,09180900;0,09188927;0,08575576;0,08582487;0,08589624;0,07968991;0,07975766;0,07982064;0,07361295;0,07367614;0,07374003;0,06765962;0,06771518;0,06777301;0,06161473;0,06166820;0,06172770;0,05549116;0,05554578;0,05560176;0,04936140;0,04941173;0,04946693;0,04336719;0,04342312;0,04347531;0,03729396;0,03733264;0,03737143;0,03110832;0,03114424;0,03118008;0,02491236;0,02493875;0,02496878;0,01883640;0,01885918;0,01888297;0,01267324;0,01268969;0,01270773;0,00642058;0,00642745;0,00643359;0,00000000;0,00000000;0,00000000;0,00000000;0,00000000;0,00000000;0,00000000;0,00000000;0,00000000;0,00000000;0,00000000;0,00000000;0,00000000;0,00000000;0,00000000;0,00000000;0,00000000;0,00000000;0,00000000;0,00000000;0,00000000;0,00000000;0,00000000;0,00000000;0,00000000;0,00000000;0,00000000;0,00000000;0,00000000;0,00000000;0,00000000;0,00000000;0,00000000;0,00000000;0,00000000;0,00000000;0,00000000;0,00000000;0,00000000;0,00000000;0,00000000;0,00000000;0,00000000;0,00000000;0,00000000;0,00000000;0,00000000;0,00000000;0,00000000;0,00000000;0,00000000;0,00000000;0,00000000;0,00000000;0,00000000;0,00000000;0,00000000;0,00000000;0,00000000;0,00000000;0,00000000;0,00000000;0,00000000;0,00000000;0,00000000;0,00000000;0,00000000;0,00000000;0,00000000;0,00000000;0,00000000;0,00000000;0,00000000;0,00000000;0,00000000;0,00000000;0,00000000;0,00000000;0,00000000;0,00000000;0,00000000;0,00000000;0,00000000;0,00000000;0,00000000;0,00000000;0,00000000;0,00000000;0,00000000;0,00000000;0,00000000;0,00000000;0,00000000;0,00000000;0,00000000;0,00000000;0,00000000;0,00000000;0,00000000;0,00000000;0,00000000;0,00000000;0,00000000;0,00000000;0,00000000;0,00000000;0,00000000;0,00000000;0,00000000;0,00000000;0,00000000;0,00000000;0,00000000;0,00000000;0,00000000;0,00000000;0,00000000;0,00000000;0,00000000;0,00000000;0,00000000;0,00000000;0,00000000;0,00000000;0,00000000;0,00000000;0,00000000;0,00000000;0,00000000;0,00000000;0,00000000;0,00000000;0,00000000;0,00000000;0,00000000;0,00000000;0,00000000;0,00000000;0,00000000;0,00000000;0,00000000;0,00000000;0,00000000;0,00000000;0,00000000;0,00000000;0,00000000;0,00000000;0,00000000;0,00000000;0,00000000;0,00000000;0,00000000;0,00000000;0,00000000;0,00000000;0,00000000;0,00000000;0,00000000;0,00000000;0,00000000;0,00000000;0,00000000;0,00000000;0,00000000;0,00000000;0,00000000;0,00000000;0,00000000;0,00000000;0,00000000;0,00000000;0,00000000;0,00000000;0,00000000;0,00000000;0,00000000;0,00000000;0,00000000;0,00000000;0,00000000;0,00000000;0,00000000;0,00000000;0,00000000;0,00000000;0,00000000;0,00000000;0,00000000;0,00000000;0,00000000;0,00000000;0,00000000;0,00000000;0,00000000;0,00000000;0,00000000;0,00000000;0,00000000;0,00000000;0,00000000;0,00000000;0,00000000;0,00000000;0,00000000;0,00000000;0,00000000;0,00000000;0,00000000;0,00000000;0,00000000;0,00000000;0,00000000;0,00000000;0,00000000;0,00000000;0,00000000;0,00000000;0,00000000;0,00000000;0,00000000;0,00000000;0,00000000;0,00000000;0,00000000;0,00000000;0,00000000;0,00000000;0,00000000;0,00000000;0,00000000;0,00000000;0,00000000;0,00000000;0,00000000;0,00000000;0,00000000;0,00000000;0,00000000;0,00000000;0,00000000;0,00000000;0,00000000;0,00000000;0,00000000;0,00000000;0,00000000;0,00000000;0,00000000;0,00000000;0,00000000;0,00000000;9.0;1.0;QUARTERLY;0.0;0.025;3.0
0,25166434;0,25192138;0,25213690;0,24877381;0,24890550;0,24903581;0,24412166;0,24421434;0,24428806;0,23816710;0,23821241;0,23829106;0,23192100;0,23201208;0,23208968;0,22572378;0,22579189;0,22585078;0,21930092;0,21936801;0,21940777;0,21254066;0,21255239;0,21259454;0,20541242;0,20544977;0,20548670;0,19834399;0,19836091;0,19838025;0,19123524;0,19126459;0,19128664;0,18389811;0,18391175;0,18392231;0,17645721;0,17645051;0,17644129;0,16929989;0,16929218;0,16928759;0,16187678;0,16185496;0,16183061;0,15413155;0,15411875;0,15409712;0,14667249;0,14666206;0,14665491;0,13921509;0,13921034;0,13921212;0,13183555;0,13184682;0,13186037;0,12449283;0,12452343;0,12455620;0,11724434;0,11734996;0,11745615;0,11011330;0,11021224;0,11030859;0,10294372;0,10302668;0,10311236;0,09566040;0,09574173;0,09581733;0,08836056;0,08843641;0,08851304;0,08121088;0,08127756;0,08134698;0,07395346;0,07401781;0,07408924;0,06660300;0,06666855;0,06673574;0,05924488;0,05930529;0,05937155;0,05204950;0,05211662;0,05217927;0,04475925;0,04480568;0,04485224;0,03733516;0,03737827;0,03742128;0,02989886;0,02993053;0,02996657;0,02260627;0,02263361;0,02266216;0,01520935;0,01522910;0,01525075;0,00770531;0,00771355;0,00772092;0,00000000;0,00000000;0,00000000;0,00000000;0,00000000;0,00000000;0,00000000;0,00000000;0,00000000;0,00000000;0,00000000;0,00000000;0,00000000;0,00000000;0,00000000;0,00000000;0,00000000;0,00000000;0,00000000;0,00000000;0,00000000;0,00000000;0,00000000;0,00000000;0,00000000;0,00000000;0,00000000;0,00000000;0,00000000;0,00000000;0,00000000;0,00000000;0,00000000;0,00000000;0,00000000;0,00000000;0,00000000;0,00000000;0,00000000;0,00000000;0,00000000;0,00000000;0,00000000;0,00000000;0,00000000;0,00000000;0,00000000;0,00000000;0,00000000;0,00000000;0,00000000;0,00000000;0,00000000;0,00000000;0,00000000;0,00000000;0,00000000;0,00000000;0,00000000;0,00000000;0,00000000;0,00000000;0,00000000;0,00000000;0,00000000;0,00000000;0,00000000;0,00000000;0,00000000;0,00000000;0,00000000;0,00000000;0,00000000;0,00000000;0,00000000;0,00000000;0,00000000;0,00000000;0,00000000;0,00000000;0,00000000;0,00000000;0,00000000;0,00000000;0,00000000;0,00000000;0,00000000;0,00000000;0,00000000;0,00000000;0,00000000;0,00000000;0,00000000;0,00000000;0,00000000;0,00000000;0,00000000;0,00000000;0,00000000;0,00000000;0,00000000;0,00000000;0,00000000;0,00000000;0,00000000;0,00000000;0,00000000;0,00000000;0,00000000;0,00000000;0,00000000;0,00000000;0,00000000;0,00000000;0,00000000;0,00000000;0,00000000;0,00000000;0,00000000;0,00000000;0,00000000;0,00000000;0,00000000;0,00000000;0,00000000;0,00000000;0,00000000;0,00000000;0,00000000;0,00000000;0,00000000;0,00000000;0,00000000;0,00000000;0,00000000;0,00000000;0,00000000;0,00000000;0,00000000;0,00000000;0,00000000;0,00000000;0,00000000;0,00000000;0,00000000;0,00000000;0,00000000;0,00000000;0,00000000;0,00000000;0,00000000;0,00000000;0,00000000;0,00000000;0,00000000;0,00000000;0,00000000;0,00000000;0,00000000;0,00000000;0,00000000;0,00000000;0,00000000;0,00000000;0,00000000;0,00000000;0,00000000;0,00000000;0,00000000;0,00000000;0,00000000;0,00000000;0,00000000;0,00000000;0,00000000;0,00000000;0,00000000;0,00000000;0,00000000;0,00000000;0,00000000;0,00000000;0,00000000;0,00000000;0,00000000;0,00000000;0,00000000;0,00000000;0,00000000;0,00000000;0,00000000;0,00000000;0,00000000;0,00000000;0,00000000;0,00000000;0,00000000;0,00000000;0,00000000;0,00000000;0,00000000;0,00000000;0,00000000;0,00000000;0,00000000;0,00000000;0,00000000;0,00000000;0,00000000;0,00000000;0,00000000;0,00000000;0,00000000;0,00000000;0,00000000;0,00000000;0,00000000;0,00000000;0,00000000;0,00000000;0,00000000;0,00000000;0,00000000;0,00000000;0,00000000;0,00000000;0,00000000;0,00000000;0,00000000;0,00000000;0,00000000;0,00000000;0,00000000;0,00000000;0,00000000;0,00000000;0,00000000;0,00000000;0,00000000;0,00000000;0,00000000;0,00000000;0,00000000;0,00000000;0,00000000;0,00000000;0,00000000;0,00000000;0,00000000;0,00000000;0,00000000;0,00000000;9.0;1.0;QUARTERLY;0.0;0.03;3.0
0,11715125;0,11730552;0,11738837;0,11748137;0,11757982;0,11765882;0,11773508;0,11778361;0,11781731;0,11785700;0,11788819;0,11794343;0,11333981;0,11336484;0,11339366;0,11343226;0,11345803;0,11348137;0,10766398;0,10768633;0,10770483;0,10772202;0,10774209;0,10776613;0,10154507;0,10156131;0,10157734;0,10159307;0,10160226;0,10161226;0,09480149;0,09481035;0,09481702;0,09482390;0,09482613;0,09483631;0,08767551;0,08767327;0,08766969;0,08766516;0,08766368;0,08766026;0,08050245;0,08049211;0,08048033;0,08046886;0,08046405;0,08045225;0,07296314;0,07295663;0,07295166;0,07294725;0,07294508;0,07294612;0,06562503;0,06562988;0,06563621;0,06564938;0,06566566;0,06568305;0,05839541;0,05844771;0,05850041;0,05855411;0,05860670;0,05865805;0,05128869;0,05132996;0,05137266;0,05141822;0,05146171;0,05150211;0,04403064;0,04406854;0,04410678;0,04414245;0,04417862;0,04421633;0,03686716;0,03689894;0,03693453;0,03696959;0,03700602;0,03704332;0,02953791;0,02956799;0,02960103;0,02963635;0,02967456;0,02971027;0,02232054;0,02234373;0,02236699;0,02238932;0,02241523;0,02244103;0,01491289;0,01492870;0,01494668;0,01496562;0,01498370;0,01500260;0,00758829;0,00759814;0,00760894;0,00761935;0,00762750;0,00763479;0,00000000;0,00000000;0,00000000;0,00000000;0,00000000;0,00000000;0,00000000;0,00000000;0,00000000;0,00000000;0,00000000;0,00000000;0,00000000;0,00000000;0,00000000;0,00000000;0,00000000;0,00000000;0,00000000;0,00000000;0,00000000;0,00000000;0,00000000;0,00000000;0,00000000;0,00000000;0,00000000;0,00000000;0,00000000;0,00000000;0,00000000;0,00000000;0,00000000;0,00000000;0,00000000;0,00000000;0,00000000;0,00000000;0,00000000;0,00000000;0,00000000;0,00000000;0,00000000;0,00000000;0,00000000;0,00000000;0,00000000;0,00000000;0,00000000;0,00000000;0,00000000;0,00000000;0,00000000;0,00000000;0,00000000;0,00000000;0,00000000;0,00000000;0,00000000;0,00000000;0,00000000;0,00000000;0,00000000;0,00000000;0,00000000;0,00000000;0,00000000;0,00000000;0,00000000;0,00000000;0,00000000;0,00000000;0,00000000;0,00000000;0,00000000;0,00000000;0,00000000;0,00000000;0,00000000;0,00000000;0,00000000;0,00000000;0,00000000;0,00000000;0,00000000;0,00000000;0,00000000;0,00000000;0,00000000;0,00000000;0,00000000;0,00000000;0,00000000;0,00000000;0,00000000;0,00000000;0,00000000;0,00000000;0,00000000;0,00000000;0,00000000;0,00000000;0,00000000;0,00000000;0,00000000;0,00000000;0,00000000;0,00000000;0,00000000;0,00000000;0,00000000;0,00000000;0,00000000;0,00000000;0,00000000;0,00000000;0,00000000;0,00000000;0,00000000;0,00000000;0,00000000;0,00000000;0,00000000;0,00000000;0,00000000;0,00000000;0,00000000;0,00000000;0,00000000;0,00000000;0,00000000;0,00000000;0,00000000;0,00000000;0,00000000;0,00000000;0,00000000;0,00000000;0,00000000;0,00000000;0,00000000;0,00000000;0,00000000;0,00000000;0,00000000;0,00000000;0,00000000;0,00000000;0,00000000;0,00000000;0,00000000;0,00000000;0,00000000;0,00000000;0,00000000;0,00000000;0,00000000;0,00000000;0,00000000;0,00000000;0,00000000;0,00000000;0,00000000;0,00000000;0,00000000;0,00000000;0,00000000;0,00000000;0,00000000;0,00000000;0,00000000;0,00000000;0,00000000;0,00000000;0,00000000;0,00000000;0,00000000;0,00000000;0,00000000;0,00000000;0,00000000;0,00000000;0,00000000;0,00000000;0,00000000;0,00000000;0,00000000;0,00000000;0,00000000;0,00000000;0,00000000;0,00000000;0,00000000;0,00000000;0,00000000;0,00000000;0,00000000;0,00000000;0,00000000;0,00000000;0,00000000;0,00000000;0,00000000;0,00000000;0,00000000;0,00000000;0,00000000;0,00000000;0,00000000;0,00000000;0,00000000;0,00000000;0,00000000;0,00000000;0,00000000;0,00000000;0,00000000;0,00000000;0,00000000;0,00000000;0,00000000;0,00000000;0,00000000;0,00000000;0,00000000;0,00000000;0,00000000;0,00000000;0,00000000;0,00000000;0,00000000;0,00000000;0,00000000;0,00000000;0,00000000;0,00000000;0,00000000;0,00000000;0,00000000;0,00000000;0,00000000;0,00000000;0,00000000;0,00000000;0,00000000;0,00000000;0,00000000;0,00000000;0,00000000;0,00000000;0,00000000;0,00000000;9.0;1.0;SEMIANNUAL;1.0;0.015;2.0
0,16126713;0,16145699;0,16166575;0,16179384;0,16188888;0,16198954;0,15961022;0,15967602;0,15972170;0,15977551;0,15981322;0,15984293;0,15273422;0,15278211;0,15282094;0,15287297;0,15290770;0,15293283;0,14463627;0,14466629;0,14469114;0,14471424;0,14474119;0,14477349;0,13604820;0,13606996;0,13609143;0,13611250;0,13612482;0,13613821;0,12685319;0,12686503;0,12687396;0,12688437;0,12689109;0,12690472;0,11719310;0,11719011;0,11718532;0,11717927;0,11717729;0,11716957;0,10755677;0,10754295;0,10752824;0,10751480;0,10750520;0,10748944;0,09746691;0,09745820;0,09745150;0,09744519;0,09744205;0,09744338;0,08763013;0,08763660;0,08764505;0,08766264;0,08768438;0,08770761;0,07794665;0,07801646;0,07808681;0,07815848;0,07822869;0,07829723;0,06844986;0,06850493;0,06856192;0,06862272;0,06868076;0,06873469;0,05875408;0,05880466;0,05885569;0,05890329;0,05895155;0,05900187;0,04918485;0,04922726;0,04927473;0,04932151;0,04937011;0,04941987;0,03940393;0,03944411;0,03948818;0,03953530;0,03958627;0,03963390;0,02977269;0,02980362;0,02983465;0,02986442;0,02989899;0,02993341;0,01989050;0,01991158;0,01993556;0,01996082;0,01998495;0,02001015;0,01012005;0,01013319;0,01014759;0,01016147;0,01017234;0,01018206;0,00000000;0,00000000;0,00000000;0,00000000;0,00000000;0,00000000;0,00000000;0,00000000;0,00000000;0,00000000;0,00000000;0,00000000;0,00000000;0,00000000;0,00000000;0,00000000;0,00000000;0,00000000;0,00000000;0,00000000;0,00000000;0,00000000;0,00000000;0,00000000;0,00000000;0,00000000;0,00000000;0,00000000;0,00000000;0,00000000;0,00000000;0,00000000;0,00000000;0,00000000;0,00000000;0,00000000;0,00000000;0,00000000;0,00000000;0,00000000;0,00000000;0,00000000;0,00000000;0,00000000;0,00000000;0,00000000;0,00000000;0,00000000;0,00000000;0,00000000;0,00000000;0,00000000;0,00000000;0,00000000;0,00000000;0,00000000;0,00000000;0,00000000;0,00000000;0,00000000;0,00000000;0,00000000;0,00000000;0,00000000;0,00000000;0,00000000;0,00000000;0,00000000;0,00000000;0,00000000;0,00000000;0,00000000;0,00000000;0,00000000;0,00000000;0,00000000;0,00000000;0,00000000;0,00000000;0,00000000;0,00000000;0,00000000;0,00000000;0,00000000;0,00000000;0,00000000;0,00000000;0,00000000;0,00000000;0,00000000;0,00000000;0,00000000;0,00000000;0,00000000;0,00000000;0,00000000;0,00000000;0,00000000;0,00000000;0,00000000;0,00000000;0,00000000;0,00000000;0,00000000;0,00000000;0,00000000;0,00000000;0,00000000;0,00000000;0,00000000;0,00000000;0,00000000;0,00000000;0,00000000;0,00000000;0,00000000;0,00000000;0,00000000;0,00000000;0,00000000;0,00000000;0,00000000;0,00000000;0,00000000;0,00000000;0,00000000;0,00000000;0,00000000;0,00000000;0,00000000;0,00000000;0,00000000;0,00000000;0,00000000;0,00000000;0,00000000;0,00000000;0,00000000;0,00000000;0,00000000;0,00000000;0,00000000;0,00000000;0,00000000;0,00000000;0,00000000;0,00000000;0,00000000;0,00000000;0,00000000;0,00000000;0,00000000;0,00000000;0,00000000;0,00000000;0,00000000;0,00000000;0,00000000;0,00000000;0,00000000;0,00000000;0,00000000;0,00000000;0,00000000;0,00000000;0,00000000;0,00000000;0,00000000;0,00000000;0,00000000;0,00000000;0,00000000;0,00000000;0,00000000;0,00000000;0,00000000;0,00000000;0,00000000;0,00000000;0,00000000;0,00000000;0,00000000;0,00000000;0,00000000;0,00000000;0,00000000;0,00000000;0,00000000;0,00000000;0,00000000;0,00000000;0,00000000;0,00000000;0,00000000;0,00000000;0,00000000;0,00000000;0,00000000;0,00000000;0,00000000;0,00000000;0,00000000;0,00000000;0,00000000;0,00000000;0,00000000;0,00000000;0,00000000;0,00000000;0,00000000;0,00000000;0,00000000;0,00000000;0,00000000;0,00000000;0,00000000;0,00000000;0,00000000;0,00000000;0,00000000;0,00000000;0,00000000;0,00000000;0,00000000;0,00000000;0,00000000;0,00000000;0,00000000;0,00000000;0,00000000;0,00000000;0,00000000;0,00000000;0,00000000;0,00000000;0,00000000;0,00000000;0,00000000;0,00000000;0,00000000;0,00000000;0,00000000;0,00000000;0,00000000;0,00000000;0,00000000;0,00000000;0,00000000;0,00000000;0,00000000;0,00000000;0,00000000;9.0;1.0;SEMIANNUAL;1.0;0.02;2.0
0,20548432;0,20574478;0,20588201;0,20610631;0,20622738;0,20634410;0,20148536;0,20156842;0,20162609;0,20169401;0,20173275;0,20176336;0,19215080;0,19219938;0,19224823;0,19231367;0,19235229;0,19237791;0,18160856;0,18164625;0,18167746;0,18170646;0,18174030;0,18178086;0,17055133;0,17057860;0,17060552;0,17063194;0,17064737;0,17066416;0,15890488;0,15891972;0,15893090;0,15894763;0,15895605;0,15897312;0,14671069;0,14670695;0,14670095;0,14669338;0,14668874;0,14667887;0,13461233;0,13459437;0,13457874;0,13455837;0,13454635;0,13452663;0,12197067;0,12195977;0,12195139;0,12194349;0,12193956;0,12194120;0,10963523;0,10964332;0,10965389;0,10967590;0,10970310;0,10973216;0,09749790;0,09758522;0,09767320;0,09776286;0,09785067;0,09793640;0,08561102;0,08567990;0,08575117;0,08582722;0,08589981;0,08596726;0,07347753;0,07354078;0,07360460;0,07366412;0,07372448;0,07378741;0,06150255;0,06155557;0,06161493;0,06167342;0,06173420;0,06179642;0,04926998;0,04932022;0,04937533;0,04943425;0,04949798;0,04955754;0,03722483;0,03726351;0,03730230;0,03733953;0,03738275;0,03742578;0,02486811;0,02489446;0,02492444;0,02495603;0,02498619;0,02501770;0,01265181;0,01266823;0,01268624;0,01270359;0,01271718;0,01272933;0,00000000;0,00000000;0,00000000;0,00000000;0,00000000;0,00000000;0,00000000;0,00000000;0,00000000;0,00000000;0,00000000;0,00000000;0,00000000;0,00000000;0,00000000;0,00000000;0,00000000;0,00000000;0,00000000;0,00000000;0,00000000;0,00000000;0,00000000;0,00000000;0,00000000;0,00000000;0,00000000;0,00000000;0,00000000;0,00000000;0,00000000;0,00000000;0,00000000;0,00000000;0,00000000;0,00000000;0,00000000;0,00000000;0,00000000;0,00000000;0,00000000;0,00000000;0,00000000;0,00000000;0,00000000;0,00000000;0,00000000;0,00000000;0,00000000;0,00000000;0,00000000;0,00000000;0,00000000;0,00000000;0,00000000;0,00000000;0,00000000;0,00000000;0,00000000;0,00000000;0,00000000;0,00000000;0,00000000;0,00000000;0,00000000;0,00000000;0,00000000;0,00000000;0,00000000;0,00000000;0,00000000;0,00000000;0,00000000;0,00000000;0,00000000;0,00000000;0,00000000;0,00000000;0,00000000;0,00000000;0,00000000;0,00000000;0,00000000;0,00000000;0,00000000;0,00000000;0,00000000;0,00000000;0,00000000;0,00000000;0,00000000;0,00000000;0,00000000;0,00000000;0,00000000;0,00000000;0,00000000;0,00000000;0,00000000;0,00000000;0,00000000;0,00000000;0,00000000;0,00000000;0,00000000;0,00000000;0,00000000;0,00000000;0,00000000;0,00000000;0,00000000;0,00000000;0,00000000;0,00000000;0,00000000;0,00000000;0,00000000;0,00000000;0,00000000;0,00000000;0,00000000;0,00000000;0,00000000;0,00000000;0,00000000;0,00000000;0,00000000;0,00000000;0,00000000;0,00000000;0,00000000;0,00000000;0,00000000;0,00000000;0,00000000;0,00000000;0,00000000;0,00000000;0,00000000;0,00000000;0,00000000;0,00000000;0,00000000;0,00000000;0,00000000;0,00000000;0,00000000;0,00000000;0,00000000;0,00000000;0,00000000;0,00000000;0,00000000;0,00000000;0,00000000;0,00000000;0,00000000;0,00000000;0,00000000;0,00000000;0,00000000;0,00000000;0,00000000;0,00000000;0,00000000;0,00000000;0,00000000;0,00000000;0,00000000;0,00000000;0,00000000;0,00000000;0,00000000;0,00000000;0,00000000;0,00000000;0,00000000;0,00000000;0,00000000;0,00000000;0,00000000;0,00000000;0,00000000;0,00000000;0,00000000;0,00000000;0,00000000;0,00000000;0,00000000;0,00000000;0,00000000;0,00000000;0,00000000;0,00000000;0,00000000;0,00000000;0,00000000;0,00000000;0,00000000;0,00000000;0,00000000;0,00000000;0,00000000;0,00000000;0,00000000;0,00000000;0,00000000;0,00000000;0,00000000;0,00000000;0,00000000;0,00000000;0,00000000;0,00000000;0,00000000;0,00000000;0,00000000;0,00000000;0,00000000;0,00000000;0,00000000;0,00000000;0,00000000;0,00000000;0,00000000;0,00000000;0,00000000;0,00000000;0,00000000;0,00000000;0,00000000;0,00000000;0,00000000;0,00000000;0,00000000;0,00000000;0,00000000;0,00000000;0,00000000;0,00000000;0,00000000;0,00000000;0,00000000;0,00000000;0,00000000;0,00000000;0,00000000;0,00000000;0,00000000;0,00000000;0,00000000;0,00000000;9.0;1.0;SEMIANNUAL;1.0;0.025;3.0
0,24959486;0,24993681;0,25017736;0,25041877;0,25056588;0,25070769;0,24337909;0,24346623;0,24353048;0,24359953;0,24364704;0,24368384;0,23156797;0,23164051;0,23167552;0,23175438;0,23179212;0,23182299;0,21858085;0,21862621;0,21866377;0,21869868;0,21873941;0,21878822;0,20505564;0,20508890;0,20511961;0,20515137;0,20516993;0,20519012;0,19095141;0,19097441;0,19098935;0,19101089;0,19102102;0,19104153;0,17622829;0,17622379;0,17621658;0,17620748;0,17620003;0,17618818;0,16166907;0,16164750;0,16162704;0,16160193;0,16158750;0,16156382;0,14647319;0,14646134;0,14645127;0,14644179;0,14643708;0,14643904;0,13164032;0,13165004;0,13166274;0,13168916;0,13172183;0,13175671;0,11704914;0,11715397;0,11725960;0,11736724;0,11747266;0,11757558;0,10277218;0,10285487;0,10294043;0,10303172;0,10311886;0,10319983;0,08820098;0,08827690;0,08835350;0,08842496;0,08849741;0,08857296;0,07382024;0,07388388;0,07395514;0,07402534;0,07409829;0,07417297;0,05913603;0,05919634;0,05926248;0,05933319;0,05940969;0,05948117;0,04467703;0,04472341;0,04476995;0,04481463;0,04486650;0,04491815;0,02984571;0,02987734;0,02991333;0,02995124;0,02998743;0,03002525;0,01518357;0,01520328;0,01522489;0,01524571;0,01526202;0,01527660;0,00000000;0,00000000;0,00000000;0,00000000;0,00000000;0,00000000;0,00000000;0,00000000;0,00000000;0,00000000;0,00000000;0,00000000;0,00000000;0,00000000;0,00000000;0,00000000;0,00000000;0,00000000;0,00000000;0,00000000;0,00000000;0,00000000;0,00000000;0,00000000;0,00000000;0,00000000;0,00000000;0,00000000;0,00000000;0,00000000;0,00000000;0,00000000;0,00000000;0,00000000;0,00000000;0,00000000;0,00000000;0,00000000;0,00000000;0,00000000;0,00000000;0,00000000;0,00000000;0,00000000;0,00000000;0,00000000;0,00000000;0,00000000;0,00000000;0,00000000;0,00000000;0,00000000;0,00000000;0,00000000;0,00000000;0,00000000;0,00000000;0,00000000;0,00000000;0,00000000;0,00000000;0,00000000;0,00000000;0,00000000;0,00000000;0,00000000;0,00000000;0,00000000;0,00000000;0,00000000;0,00000000;0,00000000;0,00000000;0,00000000;0,00000000;0,00000000;0,00000000;0,00000000;0,00000000;0,00000000;0,00000000;0,00000000;0,00000000;0,00000000;0,00000000;0,00000000;0,00000000;0,00000000;0,00000000;0,00000000;0,00000000;0,00000000;0,00000000;0,00000000;0,00000000;0,00000000;0,00000000;0,00000000;0,00000000;0,00000000;0,00000000;0,00000000;0,00000000;0,00000000;0,00000000;0,00000000;0,00000000;0,00000000;0,00000000;0,00000000;0,00000000;0,00000000;0,00000000;0,00000000;0,00000000;0,00000000;0,00000000;0,00000000;0,00000000;0,00000000;0,00000000;0,00000000;0,00000000;0,00000000;0,00000000;0,00000000;0,00000000;0,00000000;0,00000000;0,00000000;0,00000000;0,00000000;0,00000000;0,00000000;0,00000000;0,00000000;0,00000000;0,00000000;0,00000000;0,00000000;0,00000000;0,00000000;0,00000000;0,00000000;0,00000000;0,00000000;0,00000000;0,00000000;0,00000000;0,00000000;0,00000000;0,00000000;0,00000000;0,00000000;0,00000000;0,00000000;0,00000000;0,00000000;0,00000000;0,00000000;0,00000000;0,00000000;0,00000000;0,00000000;0,00000000;0,00000000;0,00000000;0,00000000;0,00000000;0,00000000;0,00000000;0,00000000;0,00000000;0,00000000;0,00000000;0,00000000;0,00000000;0,00000000;0,00000000;0,00000000;0,00000000;0,00000000;0,00000000;0,00000000;0,00000000;0,00000000;0,00000000;0,00000000;0,00000000;0,00000000;0,00000000;0,00000000;0,00000000;0,00000000;0,00000000;0,00000000;0,00000000;0,00000000;0,00000000;0,00000000;0,00000000;0,00000000;0,00000000;0,00000000;0,00000000;0,00000000;0,00000000;0,00000000;0,00000000;0,00000000;0,00000000;0,00000000;0,00000000;0,00000000;0,00000000;0,00000000;0,00000000;0,00000000;0,00000000;0,00000000;0,00000000;0,00000000;0,00000000;0,00000000;0,00000000;0,00000000;0,00000000;0,00000000;0,00000000;0,00000000;0,00000000;0,00000000;0,00000000;0,00000000;0,00000000;0,00000000;0,00000000;0,00000000;0,00000000;0,00000000;0,00000000;0,00000000;0,00000000;0,00000000;0,00000000;0,00000000;0,00000000;0,00000000;0,00000000;0,00000000;0,00000000;0,00000000;9.0;1.0;SEMIANNUAL;1.0;0.03;3.0
0,11165004;0,11174411;0,11184869;0,11191556;0,11200872;0,11207918;0,11214539;0,11221096;0,11225218;0,11227830;0,11233201;0,11237635;0,11243079;0,11244804;0,11246071;0,11247102;0,11247966;0,11248939;0,11249854;0,11250915;0,11254543;0,11257037;0,11259413;0,11262829;0,10101892;0,10102656;0,10103407;0,10104303;0,10104946;0,10105776;0,10106593;0,10107578;0,10108337;0,10109369;0,10109709;0,10110403;0,08737937;0,08737507;0,08737000;0,08736340;0,08735910;0,08735458;0,08734713;0,08733592;0,08732318;0,08731040;0,08730319;0,08729058;0,07275999;0,07275629;0,07275285;0,07274950;0,07274772;0,07274950;0,07275587;0,07276182;0,07276881;0,07278316;0,07280085;0,07281969;0,05818647;0,05823889;0,05829159;0,05834529;0,05839771;0,05844877;0,05849887;0,05854595;0,05859463;0,05864663;0,05869628;0,05874248;0,04387315;0,04391082;0,04394884;0,04398434;0,04402028;0,04405780;0,04409834;0,04413637;0,04417888;0,04422078;0,04426433;0,04430899;0,02943245;0,02946246;0,02949537;0,02953054;0,02956859;0,02960415;0,02963511;0,02966590;0,02969678;0,02972639;0,02976075;0,02979502;0,01485747;0,01487322;0,01489113;0,01491000;0,01492800;0,01494682;0,01496655;0,01498599;0,01500730;0,01502782;0,01504391;0,01505829;0,00000000;0,00000000;0,00000000;0,00000000;0,00000000;0,00000000;0,00000000;0,00000000;0,00000000;0,00000000;0,00000000;0,00000000;0,00000000;0,00000000;0,00000000;0,00000000;0,00000000;0,00000000;0,00000000;0,00000000;0,00000000;0,00000000;0,00000000;0,00000000;0,00000000;0,00000000;0,00000000;0,00000000;0,00000000;0,00000000;0,00000000;0,00000000;0,00000000;0,00000000;0,00000000;0,00000000;0,00000000;0,00000000;0,00000000;0,00000000;0,00000000;0,00000000;0,00000000;0,00000000;0,00000000;0,00000000;0,00000000;0,00000000;0,00000000;0,00000000;0,00000000;0,00000000;0,00000000;0,00000000;0,00000000;0,00000000;0,00000000;0,00000000;0,00000000;0,00000000;0,00000000;0,00000000;0,00000000;0,00000000;0,00000000;0,00000000;0,00000000;0,00000000;0,00000000;0,00000000;0,00000000;0,00000000;0,00000000;0,00000000;0,00000000;0,00000000;0,00000000;0,00000000;0,00000000;0,00000000;0,00000000;0,00000000;0,00000000;0,00000000;0,00000000;0,00000000;0,00000000;0,00000000;0,00000000;0,00000000;0,00000000;0,00000000;0,00000000;0,00000000;0,00000000;0,00000000;0,00000000;0,00000000;0,00000000;0,00000000;0,00000000;0,00000000;0,00000000;0,00000000;0,00000000;0,00000000;0,00000000;0,00000000;0,00000000;0,00000000;0,00000000;0,00000000;0,00000000;0,00000000;0,00000000;0,00000000;0,00000000;0,00000000;0,00000000;0,00000000;0,00000000;0,00000000;0,00000000;0,00000000;0,00000000;0,00000000;0,00000000;0,00000000;0,00000000;0,00000000;0,00000000;0,00000000;0,00000000;0,00000000;0,00000000;0,00000000;0,00000000;0,00000000;0,00000000;0,00000000;0,00000000;0,00000000;0,00000000;0,00000000;0,00000000;0,00000000;0,00000000;0,00000000;0,00000000;0,00000000;0,00000000;0,00000000;0,00000000;0,00000000;0,00000000;0,00000000;0,00000000;0,00000000;0,00000000;0,00000000;0,00000000;0,00000000;0,00000000;0,00000000;0,00000000;0,00000000;0,00000000;0,00000000;0,00000000;0,00000000;0,00000000;0,00000000;0,00000000;0,00000000;0,00000000;0,00000000;0,00000000;0,00000000;0,00000000;0,00000000;0,00000000;0,00000000;0,00000000;0,00000000;0,00000000;0,00000000;0,00000000;0,00000000;0,00000000;0,00000000;0,00000000;0,00000000;0,00000000;0,00000000;0,00000000;0,00000000;0,00000000;0,00000000;0,00000000;0,00000000;0,00000000;0,00000000;0,00000000;0,00000000;0,00000000;0,00000000;0,00000000;0,00000000;0,00000000;0,00000000;0,00000000;0,00000000;0,00000000;0,00000000;0,00000000;0,00000000;0,00000000;0,00000000;0,00000000;0,00000000;0,00000000;0,00000000;0,00000000;0,00000000;0,00000000;0,00000000;0,00000000;0,00000000;0,00000000;0,00000000;0,00000000;0,00000000;0,00000000;0,00000000;0,00000000;0,00000000;0,00000000;0,00000000;0,00000000;0,00000000;0,00000000;0,00000000;0,00000000;0,00000000;0,00000000;0,00000000;0,00000000;0,00000000;0,00000000;0,00000000;0,00000000;0,00000000;9.0;1.0;ANNUAL;2.0;0.015;2.0
0,15576014;0,15587625;0,15601215;0,15612748;0,15626052;0,15634027;0,15640425;0,15647517;0,15660199;0,15663925;0,15667368;0,15670825;0,15177532;0,15182497;0,15184208;0,15185600;0,15186767;0,15188080;0,15189316;0,15190748;0,15194058;0,15197424;0,15200632;0,15205243;0,13547151;0,13548175;0,13549182;0,13550384;0,13551246;0,13552359;0,13553454;0,13555056;0,13556886;0,13558318;0,13558774;0,13559704;0,11682861;0,11682285;0,11681672;0,11681182;0,11680845;0,11680204;0,11679373;0,11678343;0,11676791;0,11675077;0,11674048;0,11672297;0,09720129;0,09719634;0,09719175;0,09718728;0,09718489;0,09718707;0,09719425;0,09720100;0,09720956;0,09722853;0,09725220;0,09727752;0,07767702;0,07774700;0,07781735;0,07788904;0,07795902;0,07802718;0,07809407;0,07815692;0,07822191;0,07829133;0,07835761;0,07841928;0,05854864;0,05859890;0,05864965;0,05869702;0,05874499;0,05879505;0,05884915;0,05889990;0,05895663;0,05901255;0,05907067;0,05913027;0,03926418;0,03930421;0,03934813;0,03939504;0,03944580;0,03949324;0,03953453;0,03957561;0,03961681;0,03965631;0,03970215;0,03974787;0,01981651;0,01983751;0,01986140;0,01988657;0,01991058;0,01993569;0,01996200;0,01998793;0,02001634;0,02004372;0,02006518;0,02008435;0,00000000;0,00000000;0,00000000;0,00000000;0,00000000;0,00000000;0,00000000;0,00000000;0,00000000;0,00000000;0,00000000;0,00000000;0,00000000;0,00000000;0,00000000;0,00000000;0,00000000;0,00000000;0,00000000;0,00000000;0,00000000;0,00000000;0,00000000;0,00000000;0,00000000;0,00000000;0,00000000;0,00000000;0,00000000;0,00000000;0,00000000;0,00000000;0,00000000;0,00000000;0,00000000;0,00000000;0,00000000;0,00000000;0,00000000;0,00000000;0,00000000;0,00000000;0,00000000;0,00000000;0,00000000;0,00000000;0,00000000;0,00000000;0,00000000;0,00000000;0,00000000;0,00000000;0,00000000;0,00000000;0,00000000;0,00000000;0,00000000;0,00000000;0,00000000;0,00000000;0,00000000;0,00000000;0,00000000;0,00000000;0,00000000;0,00000000;0,00000000;0,00000000;0,00000000;0,00000000;0,00000000;0,00000000;0,00000000;0,00000000;0,00000000;0,00000000;0,00000000;0,00000000;0,00000000;0,00000000;0,00000000;0,00000000;0,00000000;0,00000000;0,00000000;0,00000000;0,00000000;0,00000000;0,00000000;0,00000000;0,00000000;0,00000000;0,00000000;0,00000000;0,00000000;0,00000000;0,00000000;0,00000000;0,00000000;0,00000000;0,00000000;0,00000000;0,00000000;0,00000000;0,00000000;0,00000000;0,00000000;0,00000000;0,00000000;0,00000000;0,00000000;0,00000000;0,00000000;0,00000000;0,00000000;0,00000000;0,00000000;0,00000000;0,00000000;0,00000000;0,00000000;0,00000000;0,00000000;0,00000000;0,00000000;0,00000000;0,00000000;0,00000000;0,00000000;0,00000000;0,00000000;0,00000000;0,00000000;0,00000000;0,00000000;0,00000000;0,00000000;0,00000000;0,00000000;0,00000000;0,00000000;0,00000000;0,00000000;0,00000000;0,00000000;0,00000000;0,00000000;0,00000000;0,00000000;0,00000000;0,00000000;0,00000000;0,00000000;0,00000000;0,00000000;0,00000000;0,00000000;0,00000000;0,00000000;0,00000000;0,00000000;0,00000000;0,00000000;0,00000000;0,00000000;0,00000000;0,00000000;0,00000000;0,00000000;0,00000000;0,00000000;0,00000000;0,00000000;0,00000000;0,00000000;0,00000000;0,00000000;0,00000000;0,00000000;0,00000000;0,00000000;0,00000000;0,00000000;0,00000000;0,00000000;0,00000000;0,00000000;0,00000000;0,00000000;0,00000000;0,00000000;0,00000000;0,00000000;0,00000000;0,00000000;0,00000000;0,00000000;0,00000000;0,00000000;0,00000000;0,00000000;0,00000000;0,00000000;0,00000000;0,00000000;0,00000000;0,00000000;0,00000000;0,00000000;0,00000000;0,00000000;0,00000000;0,00000000;0,00000000;0,00000000;0,00000000;0,00000000;0,00000000;0,00000000;0,00000000;0,00000000;0,00000000;0,00000000;0,00000000;0,00000000;0,00000000;0,00000000;0,00000000;0,00000000;0,00000000;0,00000000;0,00000000;0,00000000;0,00000000;0,00000000;0,00000000;0,00000000;0,00000000;0,00000000;0,00000000;0,00000000;0,00000000;0,00000000;0,00000000;0,00000000;0,00000000;0,00000000;0,00000000;0,00000000;0,00000000;0,00000000;0,00000000;9.0;1.0;ANNUAL;2.0;0.02;2.0
0,19972762;0,19998843;0,20016982;0,20034161;0,20048692;0,20061655;0,20069676;0,20076379;0,20083328;0,20094835;0,20104439;0,20108037;0,19112797;0,19118582;0,19122345;0,19124099;0,19125568;0,19127221;0,19128778;0,19130581;0,19133572;0,19137811;0,19141851;0,19147658;0,16992409;0,16993693;0,16994957;0,16996464;0,16997546;0,16998942;0,17000424;0,17003174;0,17005470;0,17007266;0,17007838;0,17009005;0,14627785;0,14627064;0,14626393;0,14625722;0,14625260;0,14624457;0,14623418;0,14622128;0,14620185;0,14618184;0,14617086;0,14615053;0,12164258;0,12163640;0,12163064;0,12162431;0,12162039;0,12162202;0,12163100;0,12163945;0,12165017;0,12167390;0,12170352;0,12173521;0,09716758;0,09725511;0,09734312;0,09743279;0,09752033;0,09760559;0,09768927;0,09776789;0,09784918;0,09793602;0,09801893;0,09809608;0,07322349;0,07328692;0,07335045;0,07340970;0,07346969;0,07353230;0,07359996;0,07366343;0,07373438;0,07380432;0,07387700;0,07395154;0,04909591;0,04914597;0,04920088;0,04925953;0,04932301;0,04938232;0,04943396;0,04948532;0,04953684;0,04958623;0,04964354;0,04970072;0,02477554;0,02480178;0,02483164;0,02486310;0,02489315;0,02492455;0,02495745;0,02498987;0,02502539;0,02505962;0,02508644;0,02511042;0,00000000;0,00000000;0,00000000;0,00000000;0,00000000;0,00000000;0,00000000;0,00000000;0,00000000;0,00000000;0,00000000;0,00000000;0,00000000;0,00000000;0,00000000;0,00000000;0,00000000;0,00000000;0,00000000;0,00000000;0,00000000;0,00000000;0,00000000;0,00000000;0,00000000;0,00000000;0,00000000;0,00000000;0,00000000;0,00000000;0,00000000;0,00000000;0,00000000;0,00000000;0,00000000;0,00000000;0,00000000;0,00000000;0,00000000;0,00000000;0,00000000;0,00000000;0,00000000;0,00000000;0,00000000;0,00000000;0,00000000;0,00000000;0,00000000;0,00000000;0,00000000;0,00000000;0,00000000;0,00000000;0,00000000;0,00000000;0,00000000;0,00000000;0,00000000;0,00000000;0,00000000;0,00000000;0,00000000;0,00000000;0,00000000;0,00000000;0,00000000;0,00000000;0,00000000;0,00000000;0,00000000;0,00000000;0,00000000;0,00000000;0,00000000;0,00000000;0,00000000;0,00000000;0,00000000;0,00000000;0,00000000;0,00000000;0,00000000;0,00000000;0,00000000;0,00000000;0,00000000;0,00000000;0,00000000;0,00000000;0,00000000;0,00000000;0,00000000;0,00000000;0,00000000;0,00000000;0,00000000;0,00000000;0,00000000;0,00000000;0,00000000;0,00000000;0,00000000;0,00000000;0,00000000;0,00000000;0,00000000;0,00000000;0,00000000;0,00000000;0,00000000;0,00000000;0,00000000;0,00000000;0,00000000;0,00000000;0,00000000;0,00000000;0,00000000;0,00000000;0,00000000;0,00000000;0,00000000;0,00000000;0,00000000;0,00000000;0,00000000;0,00000000;0,00000000;0,00000000;0,00000000;0,00000000;0,00000000;0,00000000;0,00000000;0,00000000;0,00000000;0,00000000;0,00000000;0,00000000;0,00000000;0,00000000;0,00000000;0,00000000;0,00000000;0,00000000;0,00000000;0,00000000;0,00000000;0,00000000;0,00000000;0,00000000;0,00000000;0,00000000;0,00000000;0,00000000;0,00000000;0,00000000;0,00000000;0,00000000;0,00000000;0,00000000;0,00000000;0,00000000;0,00000000;0,00000000;0,00000000;0,00000000;0,00000000;0,00000000;0,00000000;0,00000000;0,00000000;0,00000000;0,00000000;0,00000000;0,00000000;0,00000000;0,00000000;0,00000000;0,00000000;0,00000000;0,00000000;0,00000000;0,00000000;0,00000000;0,00000000;0,00000000;0,00000000;0,00000000;0,00000000;0,00000000;0,00000000;0,00000000;0,00000000;0,00000000;0,00000000;0,00000000;0,00000000;0,00000000;0,00000000;0,00000000;0,00000000;0,00000000;0,00000000;0,00000000;0,00000000;0,00000000;0,00000000;0,00000000;0,00000000;0,00000000;0,00000000;0,00000000;0,00000000;0,00000000;0,00000000;0,00000000;0,00000000;0,00000000;0,00000000;0,00000000;0,00000000;0,00000000;0,00000000;0,00000000;0,00000000;0,00000000;0,00000000;0,00000000;0,00000000;0,00000000;0,00000000;0,00000000;0,00000000;0,00000000;0,00000000;0,00000000;0,00000000;0,00000000;0,00000000;0,00000000;0,00000000;0,00000000;0,00000000;0,00000000;0,00000000;0,00000000;0,00000000;0,00000000;0,00000000;0,00000000;9.0;1.0;ANNUAL;2.0;0.025;3.0
0,24378875;0,24411059;0,24433906;0,24450049;0,24468290;0,24489168;0,24498927;0,24507109;0,24515592;0,24520692;0,24535141;0,24544646;0,23051260;0,23054393;0,23060482;0,23062597;0,23064369;0,23066362;0,23068240;0,23070415;0,23073087;0,23078198;0,23083070;0,23090073;0,20437667;0,20439212;0,20440731;0,20442545;0,20443846;0,20445525;0,20447985;0,20451293;0,20454054;0,20456214;0,20456902;0,20458305;0,17572708;0,17572291;0,17571037;0,17570230;0,17569675;0,17568711;0,17567462;0,17565913;0,17563579;0,17561175;0,17559856;0,17557414;0,14608388;0,14607645;0,14606917;0,14605972;0,14605502;0,14605697;0,14606775;0,14607789;0,14609077;0,14611927;0,14615485;0,14619290;0,11665813;0,11676322;0,11686888;0,11697654;0,11708165;0,11718401;0,11728447;0,11737886;0,11747646;0,11758097;0,11768090;0,11777339;0,08789810;0,08797425;0,08805095;0,08812237;0,08819439;0,08826955;0,08835078;0,08842696;0,08851213;0,08859609;0,08868334;0,08877282;0,05892764;0,05898773;0,05905363;0,05912403;0,05920022;0,05927141;0,05933339;0,05939504;0,05945687;0,05951615;0,05958494;0,05965357;0,02973450;0,02976599;0,02980183;0,02983959;0,02987565;0,02991335;0,02995285;0,02999180;0,03003444;0,03007552;0,03010771;0,03013649;0,00000000;0,00000000;0,00000000;0,00000000;0,00000000;0,00000000;0,00000000;0,00000000;0,00000000;0,00000000;0,00000000;0,00000000;0,00000000;0,00000000;0,00000000;0,00000000;0,00000000;0,00000000;0,00000000;0,00000000;0,00000000;0,00000000;0,00000000;0,00000000;0,00000000;0,00000000;0,00000000;0,00000000;0,00000000;0,00000000;0,00000000;0,00000000;0,00000000;0,00000000;0,00000000;0,00000000;0,00000000;0,00000000;0,00000000;0,00000000;0,00000000;0,00000000;0,00000000;0,00000000;0,00000000;0,00000000;0,00000000;0,00000000;0,00000000;0,00000000;0,00000000;0,00000000;0,00000000;0,00000000;0,00000000;0,00000000;0,00000000;0,00000000;0,00000000;0,00000000;0,00000000;0,00000000;0,00000000;0,00000000;0,00000000;0,00000000;0,00000000;0,00000000;0,00000000;0,00000000;0,00000000;0,00000000;0,00000000;0,00000000;0,00000000;0,00000000;0,00000000;0,00000000;0,00000000;0,00000000;0,00000000;0,00000000;0,00000000;0,00000000;0,00000000;0,00000000;0,00000000;0,00000000;0,00000000;0,00000000;0,00000000;0,00000000;0,00000000;0,00000000;0,00000000;0,00000000;0,00000000;0,00000000;0,00000000;0,00000000;0,00000000;0,00000000;0,00000000;0,00000000;0,00000000;0,00000000;0,00000000;0,00000000;0,00000000;0,00000000;0,00000000;0,00000000;0,00000000;0,00000000;0,00000000;0,00000000;0,00000000;0,00000000;0,00000000;0,00000000;0,00000000;0,00000000;0,00000000;0,00000000;0,00000000;0,00000000;0,00000000;0,00000000;0,00000000;0,00000000;0,00000000;0,00000000;0,00000000;0,00000000;0,00000000;0,00000000;0,00000000;0,00000000;0,00000000;0,00000000;0,00000000;0,00000000;0,00000000;0,00000000;0,00000000;0,00000000;0,00000000;0,00000000;0,00000000;0,00000000;0,00000000;0,00000000;0,00000000;0,00000000;0,00000000;0,00000000;0,00000000;0,00000000;0,00000000;0,00000000;0,00000000;0,00000000;0,00000000;0,00000000;0,00000000;0,00000000;0,00000000;0,00000000;0,00000000;0,00000000;0,00000000;0,00000000;0,00000000;0,00000000;0,00000000;0,00000000;0,00000000;0,00000000;0,00000000;0,00000000;0,00000000;0,00000000;0,00000000;0,00000000;0,00000000;0,00000000;0,00000000;0,00000000;0,00000000;0,00000000;0,00000000;0,00000000;0,00000000;0,00000000;0,00000000;0,00000000;0,00000000;0,00000000;0,00000000;0,00000000;0,00000000;0,00000000;0,00000000;0,00000000;0,00000000;0,00000000;0,00000000;0,00000000;0,00000000;0,00000000;0,00000000;0,00000000;0,00000000;0,00000000;0,00000000;0,00000000;0,00000000;0,00000000;0,00000000;0,00000000;0,00000000;0,00000000;0,00000000;0,00000000;0,00000000;0,00000000;0,00000000;0,00000000;0,00000000;0,00000000;0,00000000;0,00000000;0,00000000;0,00000000;0,00000000;0,00000000;0,00000000;0,00000000;0,00000000;0,00000000;0,00000000;0,00000000;0,00000000;0,00000000;0,00000000;0,00000000;0,00000000;0,00000000;0,00000000;0,00000000;0,00000000;0,00000000;9.0;1.0;ANNUAL;2.0;0.03;3.0
